{"sheetName":"2023 Price Indices","rowCount":53,"colCount":7,"cells":[["Click here to go back to first page",null,null,null,null,null,null],[null,"Food and Crude Oil Prices",null,null,null,null,null],[null,null,null,null,null,null,null],[null,null,"IMF Food Price Index","Guyana Food Price Index","Crude Oil Prices, Avg","Guyana Food Price Index, Monthly Change","IMF Wheat Index"],[null,43831,105.4025628301139,145.2909346737993,63.50477272727273,-0.011792386667561883,100],[null,43862,101.11147552545198,144.14543209312305,55.44125000000001,-0.007884198578859025,96.62779703750395],[null,43891,97.19998280869115,145.35198397648264,31.829090909090905,0.008370378900249387,95.8668356282963],[null,43922,92.93362965547989,146.96841339981532,18.54525,0.011120793670034823,100.84421321291843],[null,43952,96.51670586084165,148.8024168064778,28.978684210526318,0.012478895051232675,98.15598311573575],[null,43983,99.8056677925157,148.95003182150037,40.06636363636364,0.0009920202789082122,95.22028967400522],[null,44013,97.63571751050326,148.6496771007485,43.35478260869566,-0.00201647973537733,95.69817146630733],[null,44044,98.62367963380198,150.05187467206628,44.824,0.009432900216577167,97.72258761166195],[null,44075,99.97920352709079,151.001946719052,40.808181818181815,0.006331623973789613,114.5283204083636],[null,44105,105.26410370093346,151.79642078961479,40.153636363636366,0.005261349855581354,114.12941627921506],[null,44136,108.7639134108881,151.97917411650494,42.66357142857144,0.0012039369962710822,118.24048193518053],[null,44166,109.91025627716037,152.51371591610598,49.86214285714286,0.003517204266364038,121.920094237754],[null,44197,116.92720877695523,157.0748084682006,54.84325000000001,0.029906113851448923,133.49521836396235],[null,44228,119.75614174160357,155.4278004562451,62.222,-0.010485500686056248,135.1009800933078],[null,44256,122.47150531838561,153.66391245360288,65.62608695652175,-0.011348600427108169,128.97512174510572],[null,44287,130.082815565105,156.06851530929907,64.69575,0.015648455237805114,134.61274172965548],[null,44317,136.36035653466374,160.20337146116324,68.74578947368421,0.02649385203459942,156.21871012074214],[null,44348,128.90903114234126,171.50363707487313,73.04227272727273,0.07053700250278006,133.95682554414273],[null,44378,129.44838952424234,173.79353960665662,75.02954545454546,0.013351918191587986,136.68400903111808],[null,44409,131.8946204401912,175.24156937574253,70.81095238095239,0.008331896412048456,154.21526544526446],[null,44440,127.98321204198733,173.08715333382833,74.57568181818182,-0.012293978247220783,151.330126631982],[null,44470,129.4928914106395,170.41760015024613,83.66309523809525,-0.015423173425433312,164.96515166388536],[null,44501,131.5766805252292,169.26494165379214,81.44136363636363,-0.006763729188990819,178.09368803376856],[null,44531,135.3478606684462,170.25552710553814,74.09571428571428,0.005852277749116563,181.78560910964953],[null,44562,141.84761909851107,175.74364595637635,87.21925000000002,0.03223460021615776,182.94345734759986],[null,44593,148.72367473202323,174.06677394815918,98.18525,-0.009541579720233062,194.96171591243743],[null,44621,160.94743198225447,174.29087814631157,118.80956521739128,0.0012874610878876869,217.49391167771367],[null,44652,165.74816581175713,177.67139778520155,104.38894736842109,0.01939584948359796,227.7955776970649],[null,44682,162.52524177437888,178.67167961713838,113.25166666666668,0.005629954198627551,249.18769019338382],[null,44713,156.11419932569802,183.9891974077366,123.70175000000002,0.02976139140793177,223.0971469876938],[null,44743,144.2237544077471,189.49214878923104,112.69547619047621,0.0299091004201697,180.63954059094925],[null,44774,140.24217936642347,193.79206882427343,99.99363636363638,0.022691811046087862,181.22393843816295],[null,44805,135.4687543729152,192.48898858831473,89.86714285714288,-0.006724115408150766,194.29910670462354],[null,44835,138.28439262415625,191.33410168636047,93.33166666666666,-0.005999755676540319,198.4455678806322],[null,44866,138.27825112530522,191.9980767224404,91.67295454545454,0.0034702388660874384,193.1813438696378],[null,44896,136.42391968195724,194.22951647620968,81.11525000000002,0.011622198471264555,181.58191813095124],[null,44927,138.37186304507074,196.88219157064393,82.77690476190477,0.013657425207868279,179.5858692451163],[null,44958,142.63108957676974,195.96194637887618,82.48599999999999,null,186.49501170222115],[null,44986,146.20625689175736,191.67269713836814,78.55978260869566,null,173.6010516387041],[null,45017,146.14215798709841,189.92904691855364,84.93555555555554,null,175.49803929673016],[null,45047,138.65719276484884,190.12134715512852,75.55125000000001,null,167.996533014448],[null,45078,136.07342315428542,192.57521506787148,74.6959090909091,null,158.36733091194662],[null,45108,136.67460774206242,195.59652639533567,80.05142857142856,null,156.31442033964862],[null,45139,131.29973838247486,196.3158214653468,86.2165909090909,null,135.44180349208926],[null,45170,131.09481780242706,197.82957841729078,94.00166666666667,null,128.69637773633062],[null,45200,132.45255520611062,198.18660713454622,91.0468181818182,null,121.44399725139887],[null,45231,135.77297110497528,199.46011474574007,83.17772727272728,null,121.18386178462748],[null,45261,133.8874817090781,201.57038143481796,77.91105263157897,null,128.8325419910826],[null,45292,135.0917823016213,205.46195127066187,80.31750000000001,null,126.8381270246393]]}