{"sheetName":"BOP","rowCount":391,"colCount":7,"cells":[["Click here to go back to first page",null,null,null,null,null,null],[null,"Balance of Payments Summary",null,null,null,null,null],[null,"US$ Millions",null,null,null,null,null],[null,null,null,null,null,null,null],[null,"Key Accounts and Overall Balance",null,null,null,null,null],[null,"Year","Period","Current Account","Capital Account","Errors And Omission","Overall Balance"],[null,1988,"1988Q4",-93.6,-22.800000000000004,10.700000000000003,-105.7],[null,1989,"1989Q4",-113.30000000000003,-68.9,1.0000000000000284,-181.20000000000002],[null,1990,"1990Q4",-147.7,-47.3,1.3000000000000682,-193.69999999999993],[null,1991,"1991Q4",-118,52,0,-66],[null,1992,"1992Q4",-146.7,123.60000000000001,-16.20000000000003,-39.30000000000001],[null,1993,"1993Q4",-137.9,78.10000000000001,10.099999999999994,-49.7],[null,1994,"1994Q4",-100.80000000000001,22.9,14.000000000000014,-63.89999999999999],[null,1995,"1995Q4",-94.9,27.999999999999996,-1.9999999999999858,-68.89999999999999],[null,1996,"1996Q4",-53.700000000000045,59.50000000000002,-7.199999999999976,-1.4000000000000004],[null,1997,"1997Q4",-105.10000000000005,125.7,-16.59999999999995,4],[null,1998,"1998Q4",-98.50000000000006,79.8,-3.9999999999999396,-22.7],[null,1999,"1999Q4",-75.20000000000005,69.60000000000001,1.2000000000000384,-4.399999999999999],[null,2000,"2000Q4",-109.19999999999999,137.79999999999998,13.900000000000006,42.5],[null,2001,"2001Q4",-128.8,116.4,0.5000000000000071,-11.899999999999999],[null,2002,"2002Q4",-106.10000000000002,86.10000000000001,-5.399999999999988,-25.400000000000002],[null,2003,"2003Q4",-82.6000000000001,58.60000000000001,15.100000000000087,-8.899999999999999],[null,2004,"2004Q4",-69.79999999999995,38.9,-12.200000000000045,-43.1],[null,2005,"2005Q4",-157.59982875300653,178.79999999999998,-13.06017124699345,8.139999999999999],[null,2006,"2006Q4",-250.32080638065221,268.59,24.630806380652245,42.900000000000006],[null,2007,"2007Q4",-189.14958567129327,168.68000000000006,19.0895856712932,-1.3800000000000026],[null,2008,"2008Q4",-321.3667537474531,308.521,18.4657537474531,5.619999999999997],[null,2009,"2009Q4",-230.59352343349633,454.03400000000005,11.00952343349627,234.45],[null,2010,"2010Q4",-247.43402917418553,339.237,24.73702917418551,116.54],[null,2011,"2011Q4",-372.247468983716,373.2437695496547,-15.96354056593875,-14.967240000000025],[null,2012,"2012Q4",-366.67107008422414,418.31,-18.74892991577586,32.89],[null,2013,"2013Q4",-456.02936364920504,314.75,21.81936364920503,-119.46000000000001],[null,2014,"2014Q4",-385.18286927397287,210.10000000000002,58.68286927397284,-116.4],[null,2015,"2015Q4",-177.4150775382418,71.44576757869245,-1.7100700404506597,-107.67938000000001],[null,2016,"2016Q4",27.642579348149013,-13.174920104059908,-67.8003392440891,-53.332679999999996],[null,2017,"2017Q4",-290.51979192875683,228.01829256459152,-7.032870635834712,-69.53437000000002],[null,2018,"2018Q4",-1438.8358702365094,1298.613864759684,7.982275476825407,-132.23973],[null,2019,"2019Q4",-2823.654251838429,2744.5564703385617,30.151446949439332,-48.94633455042799],[null,2020,"2020Q4",-935.3037497198923,1031.9643862085013,8.039363511391002,104.70000000000005],[null,2021,"2021Q4",-1994.9921415247647,2107.4641938768978,17.727947647866927,130.19999999999993],[null,2022,"2022Q4",3805.8923893670526,-3658.4434605539122,-25.91817163960809,121.53075717353227],[null,2023,"2023Q4",1757.7543259190602,-1780.015374959378,-13.73562556234151,-35.99667460265937],[null,2024,"2024Q4 Estimate",null,null,null,null],[null,"2025 Forecast","2024Q4 Forecast",null,null,null,null],[null,null,null,null,null,null,null],[null,"Source:",null,null,null,null,null],[null,"Bank of Guyana Annual and Quarterly Reports",null,null,null,null,null],[null,null,null,null,null,null,null],[null,null,null,null,null,null,null],[null,null,null,null,null,null,null],[null,null,null,null,null,null,null],[null,null,null,null,null,null,null],[null,null,null,null,null,null,null],[null,null,null,null,null,null,null],[null,null,null,null,null,null,null],[null,null,null,null,null,null,null],[null,null,null,null,null,null,null],[null,null,null,null,null,null,null],[null,null,null,null,null,null,null],[null,null,null,null,null,null,null],[null,null,null,null,null,null,null],[null,null,null,null,null,null,null],[null,null,null,null,null,null,null],[null,null,null,null,null,null,null],[null,null,null,null,null,null,null],[null,null,null,null,null,null,null],[null,null,null,null,null,null,null],[null,null,null,null,null,null,null],[null,null,null,null,null,null,null],[null,null,null,null,null,null,null],[null,null,null,null,null,null,null],[null,null,null,null,null,null,null],[null,null,null,null,null,null,null],[null,null,null,null,null,null,null],[null,null,null,null,null,null,null],[null,null,null,null,null,null,null],[null,null,null,null,null,null,null],[null,null,null,null,null,null,null],[null,null,null,null,null,null,null],[null,null,null,null,null,null,null],[null,null,null,null,null,null,null],[null,null,null,null,null,null,null],[null,null,null,null,null,null,null],[null,null,null,null,null,null,null],[null,null,null,null,null,null,null],[null,null,null,null,null,null,null],[null,null,null,null,null,null,null],[null,null,null,null,null,null,null],[null,null,null,null,null,null,null],[null,null,null,null,null,null,null],[null,null,null,null,null,null,null],[null,null,null,null,null,null,null],[null,null,null,null,null,null,null],[null,null,null,null,null,null,null],[null,null,null,null,null,null,null],[null,null,null,null,null,null,null],[null,null,null,null,null,null,null],[null,null,null,null,null,null,null],[null,null,null,null,null,null,null],[null,null,null,null,null,null,null],[null,null,null,null,null,null,null],[null,null,null,null,null,null,null],[null,null,null,null,null,null,null],[null,null,null,null,null,null,null],[null,null,null,null,null,null,null],[null,null,null,null,null,null,null],[null,null,null,null,null,null,null],[null,null,null,null,null,null,null],[null,null,null,null,null,null,null],[null,null,null,null,null,null,null],[null,null,null,null,null,null,null],[null,null,null,null,null,null,null],[null,null,null,null,null,null,null],[null,null,null,null,null,null,null],[null,null,null,null,null,null,null],[null,null,null,null,null,null,null],[null,null,null,null,null,null,null],[null,null,null,null,null,null,null],[null,null,null,null,null,null,null],[null,null,null,null,null,null,null],[null,null,null,null,null,null,null],[null,null,null,null,null,null,null],[null,null,null,null,null,null,null],[null,null,null,null,null,null,null],[null,null,null,null,null,null,null],[null,null,null,null,null,null,null],[null,null,null,null,null,null,null],[null,null,null,null,null,null,null],[null,null,null,null,null,null,null],[null,null,null,null,null,null,null],[null,null,null,null,null,null,null],[null,null,null,null,null,null,null],[null,null,null,null,null,null,null],[null,null,null,null,null,null,null],[null,null,null,null,null,null,null],[null,null,null,null,null,null,null],[null,null,null,null,null,null,null],[null,null,null,null,null,null,null],[null,null,null,null,null,null,null],[null,null,null,null,null,null,null],[null,null,null,null,null,null,null],[null,null,null,null,null,null,null],[null,null,null,null,null,null,null],[null,null,null,null,null,null,null],[null,null,null,null,null,null,null],[null,null,null,null,null,null,null],[null,null,null,null,null,null,null],[null,null,null,null,null,null,null],[null,null,null,null,null,null,null],[null,null,null,null,null,null,null],[null,null,null,null,null,null,null],[null,null,null,null,null,null,null],[null,null,null,null,null,null,null],[null,null,null,null,null,null,null],[null,null,null,null,null,null,null],[null,null,null,null,null,null,null],[null,null,null,null,null,null,null],[null,null,null,null,null,null,null],[null,null,null,null,null,null,null],[null,null,null,null,null,null,null],[null,null,null,null,null,null,null],