{"sheetName":"Debt Service to Revenue","rowCount":44,"colCount":9,"cells":[["Click here to go back to first page",null,null,null,null,null,null,null,null],[null,"Historical Debt Service",null,null,null,null,null,null,null],[null,null,null,null,null,null,null,null,null],[null,null,"External Debt Service (G$M)","Domestic Debt Service (G$M)","Total Debt Service (G$M)","External Service as a % of Revenue","Domestic Service as a % of Revenue","Total Debt Service as a % of Revenue","Total Central Government Current Revenue (G$M)"],[null,1991,6814.138019,3467.329437,10281.467456,0.576314886781453,0.2932540500862805,0.8695689368677336,11823.637],[null,1992,9838.4,6076.811438,15915.211437999998,0.5536678015701061,0.34197987776808575,0.8956476793381918,17769.5],[null,1993,10637.5,6678.967739,17316.467739,0.48845164845256683,0.306684164707503,0.7951358131600698,21778],[null,1994,12580.544,9641.75,22222.294,0.5102889765635787,0.3910863266152787,0.9013753031788575,24653.764],[null,1995,14929.83,5767.791,20697.621,0.5061628486477873,0.19554419058790823,0.7017070392356954,29496.100000000002],[null,1996,16290.452920000002,4666.1,20956.552920000002,0.4638868284292928,0.13287183240169378,0.5967586608309866,35117.299999999996],[null,1997,18431.237499999996,3615.4,22046.637499999997,0.5407766798013078,0.10607665427531107,0.6468533340766189,34082.9],[null,1998,18549.98325,3041.2,21591.183250000002,0.560067125086803,0.0918208991274418,0.6518880242142447,33121],[null,1999,10566.389807908336,5131.818,15698.207807908337,0.2868269630175802,0.13930432233318585,0.42613128535076605,36838.9],[null,2000,15766.61243033333,5214.67,20981.282430333333,0.3814386114860996,0.1261575048506578,0.5075961163367574,41334.6],[null,2001,9636.414079099997,4905.76,14542.174079099997,0.23261585222672548,0.11842138931065532,0.3510372415373808,41426.299999999996],[null,2002,7995.343969199999,4375.58059,12370.924559199999,0.17933052747597814,0.09814151564224256,0.2774720431182207,44584.4],[null,2003,9473.51122353,3053.088949,12526.600172530001,0.2087117809829832,0.06726287825178894,0.27597465923477216,45390.399999999994],[null,2004,8566.71794125,2984.652653,11551.370594250002,0.16581471847635898,0.057770005129257285,0.22358472360561626,51664.4],[null,2005,4823.763378526833,2968.644477,7792.4078555268325,0.08590484785203896,0.05286763303082326,0.1387724808828622,56152.4],[null,2006,4507.790868749999,3762.006525,8269.79739375,0.0721822842357338,0.06024020017582037,0.1324224844115542,62450.1],[null,2007,3709.123271987466,3157.7607084431497,6866.883980430615,0.046158175437392555,0.03929674537118389,0.08545492080857643,80356.8],[null,2008,4153.537599664998,6053.70885617495,10207.246455839948,0.050355615199353554,0.07339243388937929,0.12374804908873284,82484.09999999999],[null,2009,3572.9973023333337,4316.3435209688405,7889.340823302175,0.037653938673810346,0.0454876733681051,0.08314161204191545,94890.40000000001],[null,2010,5854.052559666668,4969.53,10823.582559666667,0.05426669756336621,0.046067229290034074,0.10033392685340028,107875.59999999999],[null,2011,8141.507234466667,5051.928679,13193.435913466667,0.0673318708961558,0.041780446764326656,0.10911231766048247,120916.10000000002],[null,2012,8676.2848653,3597.2837793959397,12273.56864469594,0.06662349795129488,0.02762283998596268,0.09424633793725756,130228.6],[null,2013,38219.4,2759.2,40978.6,0.28000627130117783,0.020214689497328835,0.30022096079850663,136494.8],[null,2014,34520.60918265507,1580.40657585821,36101.01575851328,0.23688726014150588,0.01084506306605902,0.2477323232075649,145725.9],[null,2015,20328.37676354447,1751.9421872529101,22080.31895079738,0.12570868605409224,0.010833838479285228,0.13654252453337748,161710.2],[null,2016,11099.322251565187,1920.2940152281399,13019.616266793328,0.06259416345160322,0.010829417755428767,0.07342358120703199,177322],[null,2017,12560.261315,2144.0124787232203,14704.27379372322,0.0643916845970195,0.01099153686692382,0.0753832214639433,195060.3],[null,2018,16036.024244106866,1612.53165056632,17648.555894673187,0.07389314468448867,0.007430459866472396,0.08132360455096106,217016.4],[null,2019,16290.95587567478,1311.760028639,17602.71590431378,0.0677138351843614,0.005452368974451924,0.07316620415881332,240585.33727],[null,2020,15965.52864483791,3358.8158123739813,19324.34445721189,0.07010434573202237,0.014748499106979602,0.08485284483900198,227739.5],[null,2021,16907.37976925149,8587.024104667713,25494.403873919204,0.06331579348754693,0.03215721491466791,0.09547300840221484,267032.581256],[null,2022,17512.071319570732,13552.38240790219,31064.453727472923,0.040777011447329856,0.03155684113552169,0.07233385258285155,429459.4110259998],[null,2023,20898.702276756034,15932.55233529,36831.254612046,0.0349531992231918,0.026647285010070205,0.061600484233261955,597905.277377],[null,2024,25905.295,14844.030999999999,40749.326,0.03301879957549088,0.018920150667320078,0.05193895024281096,784561.9868999999],[null,"2025p",39165.02653265118,12182.83138083,51347.85791348118,0.039420228008734355,0.012262215383000107,0.051682443391734466,993526.1288690001],[null,"Budget 2026",51475.46881795341,21399.025466633,72874.49428458641,0.0482625133437886,0.020063357864304514,0.06832587120809312,1066572.485591],[null,null,null,null,"Note: Values for total debt service vary from what is published for Public Debt under Table 3 in Vol 1 estimates.",null,null,null,null],[null,null,null,null,"Click here to see public debt figures as published in Table 3",null,null,null,null],[null,null,null,null,null,null,null,null,null],[null,"CHARTS AND ANALYSIS",null,null,null,null,null,null,null]]}