{"sheetName":"Debt by Type","rowCount":157,"colCount":15,"cells":[["Click here to go back to first page",null,null,null,null,null,null,null,null,null,null,null,null,null,null],[null,"Bilateral and Multilateral Financing as Share of Budget",null,null,null,null,null,null,null,null,null,null,null,null,null],[null,"US$M",null,null,null,null,null,null,null,null,null,null,null,null,null],[null,null,2015,2016,2017,2018,2019,2020,2021,2022,2023,2024,"Budget 2025","Revised  2025",null],[null,null,null,null,null,null,null,null,null,null,null,null,null,null,null],[null,"Total Public and Publicly Guaranteed Debt",1538.69,1601.08,1670.68,1792.81,1767.4499999999998,2592.2061941335623,3126.654359757886,3654.862592527224,4508.825848484996,5993.797116585271,7639.354385979998,8267.982415168444,null],[null,null,null,null,null,null,null,null,null,null,null,null,null,null,null],[null,"Total Public Debt",1538.69,1601.08,1670.68,1708.3999999999999,1689.08,2589.8061941335623,3124.254359757886,3652.462592527224,4506.425848484996,5991.399035050499,7636.956305979998,8265.584335168443,null],[null,null,null,null,null,null,null,null,null,null,null,null,null,null,null],[null,"External Public Debt (US$M)",1143.1000000000001,1162.49,1240.5900000000001,1322.07,1305.48,1320.7911190462212,1392.7753724338645,1571.8731096235958,1775.4608819921564,2239.0051077502485,3689.408989814771,3816.1770669648486,null],[null,"Multilateral:",692.2000000000002,693.79,725.5200000000001,787.89,815.3199999999999,825.2980300322308,910.1965997748812,1092.2895491560716,1202.16922950087,1290.2085233706832,1748.1006861227384,1846.695072747214,null],[null,"CDB",143.63,146.77,150.73,149.98,151.07,149.47007865,144.37062896625,157.3603878508,158.25957391,186.92297943,237.2161971471223,304.48240917,null],[null,"CDF",4.43,5.89,7.96,11.79,10.55,9.849697050000001,9.773782240000001,8.98246158,8.16713288,7.32706778,7.180940240431655,10.21151578,null],[null,"EEC",6.84,6.21,6.58,5.79,5.22,5.171109506913007,4.320815089833977,3.59602575240128,3.2426838948414898,2.5855783887335613,2.1158728290597284,2.874724158823235,null],[null,"IDB",489.29,487.72,503.3,524.9,546.18,552.0487269199999,642.57330487,787.21517074,835.10727843,852.10682914,1203.5107450047963,1222.15744034,null],[null,"IDA",20.44,25.01,35.56,75.45,82.97,90.25852572,92.41675688,117.45779977,172.44326395,185.97132561,200.6379064230082,200.6379064230082,null],[null,"IFAD",8.98,8.43,8.62,8.82,8.52,8.55581118531792,7.85759172879714,9.58582146287049,12.2791044360288,11.864020111950001,11.113143726593853,11.5666567953827,null],[null,"IMF",3.85,null,null,null,null,null,null,null,null,null,null,null,null],[null,"OFID",14.74,13.76,12.77,11.16,10.81,9.82526,8.84272,7.86018,6.87764,5.8951,4.91256,4.91256,null],[null,"IsDB",null,null,null,0,0,0.118821,0.040999999999999995,0.23170200000000002,5.792552,37.535622909999994,81.41332075172662,89.85186008,null],[null,null,null,null,null,null,null,null,null,null,null,null,null,null,null],[null,"Bilateral:",432.88000000000005,450.97,479.87,499.8399999999999,456.51,462.60858012131195,450.5811862261418,448.72253768283514,543.3143320000029,792.8912232919147,1738.6904878465439,1694.1582642203284,null],[null,"Paris Club Creditors:",29.220000000000002,22.65,15.84,7.64,3.03,2.9978306380582405,2.5699655073713465,32.51801811487941,57.134210118374334,149.3400409573522,836.6758869473111,813.5943101609089,"to check DMD formula at Budget 2026"],[null,"Canada (Global Affairs Canada)",null,null,null,null,null,null,0,0,0,75.0938673341677,66.50464680593063,70.35544155368267,null],[null,"Italy",3.23,2.95,3.15,2.8,2.55,2.5646311880582404,2.1848993412175006,1.864170438278196,1.73650167900144,1.4470148286217253,1.262038909951811,1.7026136875182074,null],[null,"Swedish Export Credit Agency (EKN)",null,null,null,null,null,null,0,0,0,0,43.16546762589928,43.16546762589928,null],[null,"UK Export Finance (UKEF)",null,null,null,null,null,0,0,30.3169147812166,55.108908814757505,72.55849244071659,135.97520782889953,170.42605504526412,null],[null,"Unicredit Bank Austria (EKN Financed)",null,null,null,null,null,null,null,null,null,null,61.823793528085275,0,null],[null,"US (Eximbank)",null,null,null,null,null,0,0,0,0,0,527.7521991654677,527.7521991654677,null],[null,"T&T",25.32,19.07,12.11,4.31,0,0,0,0,0,0,0,0,null],[null,"USA (PL 480)",0.67,0.63,0.58,0.53,0.48,0.4331994500000001,0.38506616615384603,0.336932895384615,0.2887996246153842,0.24066635384615348,0.19253308307692268,0.19253308307692268,null],[null,null,null,null,null,null,null,null,null,null,null,null,null,null,null],[null,"Non-Paris Club Creditors:",403.66,428.32000000000005,464.03000000000003,492.19999999999993,453.48,459.6107494832537,448.01122071877046,416.20451956795574,486.18012188162857,643.5511823345624,854.0529702037891,832.602323363976,null],[null,"Argentina",14.54,14.88,15.22,15.56,15.9,16.23571534,16.5743667605603,16.913018180060302,17.2590920974616,17.5617182111107,17.929900250668492,17.929900250668492,null],[null,"Bulgaria",0.16,0.05,null,null,null,null,null,null,null,null,null,null,null],[null,"China (Eximbank)",124.17,145.56,181.27,212.92,233.84,245.98440939325363,240.45147370436,204.570227262396,222.57564591523098,270.081455050484,332.8560621150269,332.8560621150269,null],[null,"China CAMC Engineering Co., Ltd. (CAMCE)",null,null,null,null,null,0,0,0,43.9599491881144,118.53705187946599,119.97677060089742,136.97060353495547,null],[null,"China Road and Bridge Corporation (CRBC)",null,null,null,null,null,null,null,null,null,0,28.776978417266186,28.776978417266186,null],[null,"India (Eximbank)",19.96,18.36,16.76,15.6,14.47,14.59184411,14.73167245,25.0616749,37.34959868,78.00023733,146.7739495953404,108.06109170013616,null],[null,"Japan (Japan International Corporation Agency- JICA)",null,null,null,null,null,null,0,0,0,0,0,0,null],[null,"Kuwait",72.01,74.04,77.58,79.84,24.85,22.85358523,20.85358523,18.85358523,18.85358523,17.90713587,16.68747290866667,16.960686519999996,null],[null,"Libya",42.94,43.23,43.5,44.03,44.9,45.18713751000001,45.4704759064688,45.753883545357695,46.0372911842466,46.3207903509132,51.604197989802124,51.604197989802124,null],[null,"Saudi Fund for Development (SFD)",null,null,null,null,null,0,0,0,0,0,35.97122302158273,35.97122302158273,null],[null,"Serbia (Jugoimports-SDPR)",1.31,1.33,1.36,1.38,1.4,1.42848538,1.45232068088889,1.4761559798333401,1.49999127877778,1.52389187991111,1.5477271788555582,1.5477271788555582,null],[null,"United Arab Emirates (UAE)",7.65,7.78,7.91,8.14,8.27,8.41289999,8.54272732188816,8.67330621233082,8.80295469981959,8.93166633267741,22.425968725682452,22.425968725682452,null],[null,"Venezuela (PDVSA)",120.92,123.09,120.43,114.73,109.85,104.91667253,99.93459866460432,94.90266825797761,89.8420136079776,84.68723543,79.5027194,79.49788391000001,null],[null,null,null,null,null,null,null,null,null,null,null,null,null,null,null],[null,"Others  1/",null,null,null,null,null,null,null,null,0,0,47.961630695443645,47.9616306954436,null],[null,null,null,null,null,null,null,null,null,null,null,null,null,null,null],[null,"Private Creditors",18.020000000000003,17.73,35.2,34.34,33.650000000000006,32.884508892678376,31.997586432841384,30.861022784689133,29.977320491283486,155.90536108765062,202.61781584548862,275.32372999730626,null],[null,"Commercial Banks  ",5.390000000000001,5.08,22.54,21.68,20.990000000000002,20.219748790398445,19.33397170361343,18.211399772805336,17.32105612196171,143.25117538728745,189.96363014512545,262.658641249673,null],[null,"Barclays Bank",3.47,3.47,3.47,3.44,3.44,3.439578287769784,3.439578287769784,3.439578287769784,3.439578287769784,3.43957829,3.43957829,3.43957829,null],[null,"Lloyds Bank (O/Draft)",1.92,1.61,1.76,1.66,1.73,1.7814980590486604,1.7653311391033455,1.5678383014555515,1.66158080061193,1.6322404257983718,1.6322404257983718,1.7861367411264903,null],[null,"Republic Bank Limited (T & T)",null,null,17.31,16.58,15.82,14.99867244358,14.1290622767403,13.20398318358,12.219897033579999,11.17304001,10.0594082,10.0594082,null],[null,