{"sheetName":"Exchange Rate","rowCount":79,"colCount":4,"cells":[["Click here to go back to first page",null,null,null],[null,"Historical Time Series - Exchange Rate: G$/US$",null,null],[null,null,null,null],[null,null,null,null],[null,null,"End of Period","Period Average"],[null,1960,null,1.71429000071429],[null,1961,null,1.71429000071429],[null,1962,null,1.71429000071429],[null,1963,null,1.71429000071429],[null,1964,null,1.71429000071429],[null,1965,null,1.71429000071429],[null,1966,null,1.71429000071429],[null,1967,null,1.73809916726191],[null,1968,null,2.000000001],[null,1969,null,2.000000001],[null,1970,2.0053,2.000000001],[null,1971,2.0417,1.98866024493247],[null,1972,2.2194,2.08727296315173],[null,1973,2.2433,2.1061762107568],[null,1974,2.219,2.2268552932326],[null,1975,2.55,2.35538415437848],[null,1976,2.55,2.549999999],[null,1977,2.55,2.549999999],[null,1978,2.55,2.549999999],[null,1979,2.55,2.549999999],[null,1980,2.55,2.549999999],[null,1981,3,2.812499999],[null,1982,3,2.999999999],[null,1983,3,2.999999999],[null,1984,4.15,3.83157166625],[null,1985,4.15,4.25185499991667],[null,1986,4.4,4.27241666666667],[null,1987,10,9.75583333333333],[null,1988,10,10],[null,1989,33,27.15875],[null,1990,45,39.53],[null,1991,122.75,111.8],[null,1992,126,125],[null,1993,130.75,126.82],[null,1994,142.5,142.5],[null,1995,140.5,141.89],[null,1996,141.25,140.45],[null,1997,144,143.65],[null,1998,165.25,163.74],[null,1999,180.5,180.43],[null,2000,184.75,182.44],[null,2001,189.5,187.32],[null,2002,191.75,191.75],[null,2003,194.25,195.5],[null,2004,199.75,199.78],[null,2005,200.25,200.14],[null,2006,201,200.92],[null,2007,203.5,203.49],[null,2008,205.25,203.84],[null,2009,203.25,203.49],[null,2010,203.5,202.58],[null,2011,203.75,204.02],[null,2012,204.5,204.53],[null,2013,206.25,206.08],[null,2014,206.5,206.5],[null,2015,206.5,206.5],[null,2016,206.5,206.5],[null,2017,206.5,206.5],[null,2018,208.5,208.5],[null,2019,208.5,208.5],[null,2020,208.5,208.5],[null,2021,208.5,208.5],[null,2022,208.5,208.5],[null,2023,208.5,208.5],[null,2024,208.5,208.5],[null,2025,208.5,208.5],[null,"Budget 2026",208.5,208.5],[null,null,null,null],[null,"Source: Bank of Guyana Annual Reports.",null,null],[null,"BOG Report 1990: 1970-1990",null,null],[null,"BOG Report 2001: 1991-2001",null,null],[null,"BOG Report 2010: 2002-2010",null,null],[null,"BOG Report 2011: 2011-2020",null,null],[null,"BOG Report 2022: 2021-2022",null,null]]}