{"sheetName":"External Financing","rowCount":32,"colCount":14,"cells":[["Click here to go back to first page",null,null,null,null,null,null,null,null,null,null,null,null,null],[null,"Bilateral and Multilateral Financing as Share of Budget",null,null,null,null,null,null,null,null,null,null,null,null],[null,null,null,null,null,null,null,null,null,null,null,null,null,null],[null,null,2014,2015,2016,2017,2018,2019,2020,2021,2022,2023,2024,"Budget 2025"],[null,"Total Government Expenditure",212247.494,192068.882,221624.328,246820.05800000002,263791.709,291593.473,337034.202,404852.28099999996,615203.031,828640.253,1187557.802," "],[null,"Bilateral Financing ",6095.753,3769.866,7935.658,10159.109,11085.000000000002,6130.24,9892.975,2638.697,3583.069,30197.492095999998,null,null],[null,"Multilateral Financing",8826.995000000003,5901.871,7945.4349999999995,12001.628,11056.211,12836.791000000003,8693.563,14383.799000000003,19480.771,19771.39973,null,null],[null,"Total External Financing",14922.748000000003,9671.737000000001,15881.093,22160.737,22141.211000000003,18967.031000000003,18586.538,17022.496000000003,23063.84,49968.891826,89744.53,188968.512],[null,"G$'000s",null,null,null,null,null,null,null,null,null,null,null,null],[null,null,null,null,null,null,null,null,null,null,null,null,null,null],[null,"Bilateral Financing as % of Expenditure",0.028720023426990378,0.019627677116379527,0.03580680005491094,0.04115998141447645,0.0420217907606793,0.021023241490731173,0.029353029874398327,0.006517678481352067,0.005824205700312943,0.036442222045903916,0,15],[null,"Multilateral Financing as % of Expenditure",0.04158821776242033,0.030727887508607457,0.03585091524789643,0.04862501085709979,0.04191265541253232,0.044022902391920145,0.025794304994601114,0.03552851169436786,0.03166559658903891,0.02386005224633952,0,15],[null,"External Financing as % of Exp",0.07030824118941072,0.05035556462498699,0.07165771530280737,0.08978499227157624,0.08393444617321162,0.06504614388265131,0.05514733486899944,0.04204619017571993,0.03748980228935186,0.060302274292243434,0.0755706626227866,15],[null,"Source: Guyana Estimates of the Public Sector, Volume 1, Table 12/10",null,null,null,null,null,null,null,null,null,null,null,null],[null,null,null,null,null,null,null,null,null,null,null,null,null,null],[null,null,null,null,null,null,null,null,null,null,null,null,null,null],[null,null,null,null,null,null,null,null,null,null,null,null,null,null],[null,null,null,null,null,null,null,null,null,null,null,null,null,null],[null,null,null,null,null,null,null,null,null,null,null,null,null,null],[null,null,null,null,null,null,null,null,null,null,null,null,null,null],[null,null,null,null,null,null,null,null,null,null,null,null,null,null],[null,null,null,null,null,null,null,null,null,null,null,null,null,null],[null,null,null,null,null,null,null,null,null,null,null,null,null,null],[null,null,null,null,null,null,null,null,null,null,null,null,null,null],[null,null,null,null,null,null,null,null,null,null,null,null,null,null],[null,null,null,null,null,null,null,null,null,null,null,null,null,null],[null,null,null,null,null,null,null,null,null,null,null,null,null,null],[null,null,null,null,null,null,null,null,null,null,null,null,null,null],[null,null,null,null,null,null,null,null,null,null,null,null,null,null],[null,null,null,null,null,null,null,null,null,null,null,null,null,null],[null,null,null,null,null,null,null,null,null,null,null,null,null,null],[null,null,null,null,null,null,null,null,null,null,null,null,null,null]]}