{"sheetName":"GOG Measures","rowCount":112,"colCount":8,"cells":[["Click here to go back to first page",null,null,null,null,null,null,null],[null,"Impact of Reduction in Excise Tax Rate on Imported Petroleum Products",null,null,null,null,null,null],[null,null,null,null,null,null,null,null],[null,"Expressed in GYD$000's",null,null,null,null,null,null],[null,null,"2021 Dec YTD","2022 Dec YTD","2023 Dec YTD",null,null,null],[null,"Total Excise Tax Collections",46400835.894999996,28392471.978999995,31744472.568,null,null,null],[null,"Excise Tax on Imported Petroleum Products",24018910.218000002,6801364.66,3542066.119,null,null,null],[null,null,null,null,null,null,null,null],[null,"Expressed in US$",null,null,null,null,null,null],[null,null,2021,null,2022,null,2023,null],[null,null,"CIF Value","Forgone Excise Tax","CIF Value","Forgone Excise Tax","CIF Value","Forgone Excise Tax"],[null,"Diesel",326309384,114208284.39999999,606392324,60639232.400000006,580258400,290129200],[null,"Gasoline",171558363,60045427.05,233333509,23333350.900000002,238914462,119457231],[null,"Total Revenue Forgone",null,174253711.45,null,83972583.30000001,null,409586431],[null,null,null,null,null,null,null,null],[null,null,null,null,null,null,null,null],[null,null,null,null,null,null,null,null],[null,null,null,null,null,null,null,null],[null,null,null,null,null,null,null,null],[null,null,null,null,null,null,null,null],[null,null,null,null,null,null,null,null],[null,"Impact of Government Measure on Gasolene Prices",null,null,null,null,null,null],[null,null,null,null,null,null,null,null],[null,null,"Dated Brent (RH)","GuyOil Retail, Gasoline (LH)","GuyOil Retail, Diesel (LH)","Excise Tax",null,null],[null,44013,42.56,145,160,50,0.6954436450839329,null],[null,44053,44.485,165,160,50,0.7913669064748201,null],[null,44075,44.305,165,160,50,0.7913669064748201,null],[null,44105,38.915,155,145,50,0.7434052757793765,null],[null,44137,36.525,155,145,50,0.7434052757793765,null],[null,44166,47.015,155,145,50,0.7434052757793765,null],[null,44200,50.335,159,156,50,0.762589928057554,null],[null,44228,55.815,175,165,35,0.8393285371702638,null],[null,44256,65.625,178,165,35,0.8537170263788969,null],[null,44287,62.19,193,173,35,0.9256594724220624,null],[null,44320,69.235,198,173,35,0.9496402877697842,null],[null,44348,69.32,198,173,35,0.9496402877697842,null],[null,44378,77.255,203,178,35,0.973621103117506,null],[null,44410,73.95,208,178,35,0.9976019184652278,null],[null,44438,72.405,208,178,35,0.9976019184652278,null],[null,44470,78.715,208,190,20,0.9976019184652278,null],[null,44501,84.695,203,190,20,0.973621103117506,null],[null,44531,71.945,203,190,20,0.973621103117506,null],[null,44565,78.99,203,190,10,0.973621103117506,null],[null,44593,93.265,203,190,10,0.973621103117506,null],[null,44621,112.92,203,196,0,0.973621103117506,null],[null,44652,107.425,225,245,0,1.079136690647482,null],[null,44684,106.125,225,245,0,1.079136690647482,null],[null,44713,122.96,254,265,0,1.2182254196642686,null],[null,44743,121.54,269,265,0,1.290167865707434,null],[null,44774,107.07,269,265,0,1.290167865707434,null],[null,44805,92.58,269,265,0,1.290167865707434,null],[null,44834,87.92,269,265,0,1.290167865707434,null],[null,44836,87.92,215,225,0,1.0311750599520384,null],[null,44866,94.93,215,250,0,1.0311750599520384,null],[null,44896,89.08,215,250,0,1.0311750599520384,null],[null,44929,81.23,215,250,0,1.0311750599520384,null],[null,44957,84.215,215,250,0,1.0311750599520384,null],[null,44958,82.98,215,250,0,1.0311750599520384,null],[null,44985,83.135,215,250,0,1.0311750599520384,null],[null,44986,83.5,215,250,0,1.0311750599520384,null],[null,45016,79.06,215,250,0,1.0311750599520384,null],[null,45019,85.51,215,250,0,1.0311750599520384,null],[null,45046,82.01,215,250,0,1.0311750599520384,null],[null,45048,77.18,215,250,0,1.0311750599520384,null],[null,45077,72.885,215,250,0,1.0311750599520384,null],[null,45078,74.605,215,250,0,1.0311750599520384,null],[null,45107,74.965,215,250,0,1.0311750599520384,null],[null,45138,85.655,215,250,0,1.0311750599520384,null],[null,45169,87.36,215,250,0,1.0311750599520384,null],[null,45199,96.325,215,250,0,1.0311750599520384,null],[null,45230,88.675,215,250,0,1.0311750599520384,null],[null,45260,80.6,215,250,0,1.0311750599520384,null],[null,45291,77.585,215,250,0,1.0311750599520384,null],[null,45293,75.7,215,250,0,1.0311750599520384,null],[null,45322,82.78,215,250,0,1.0311750599520384,null],[null,45323,83.315,215,250,0,1.0311750599520384,null],[null,45351,84.6,215,250,0,1.0311750599520384,null],[null,45352,87.495,215,250,0,1.0311750599520384,null],[null,45379,86.885,215,250,0,1.0311750599520384,null],[null,45384,89.95,215,250,0,1.0311750599520384,null],[null,45412,87.97,215,250,0,1.0311750599520384,null],[null,45413,84.92,215,250,0,1.0311750599520384,null],[null,45443,80.18,215,250,0,1.0311750599520384,null],[null,45446,76.77,215,250,0,1.0311750599520384,null],[null,45471,86.83,215,250,0,1.0311750599520384,null],[null,45474,88.01,215,250,0,1.0311750599520384,null],[null,45504,81.45,215,250,0,1.0311750599520384,null],[null,45505,81.825,215,250,0,1.0311750599520384,null],[null,45534,79.985,215,250,0,1.0311750599520384,null],[null,45537,79.62,215,250,0,1.0311750599520384,null],[null,45565,72.895,215,250,0,1.0311750599520384,null],[null,45566,75.38,215,250,0,1.0311750599520384,null],[null,45596,73.355,215,250,0,1.0311750599520384,null],[null,45597,74.165,215,250,0,1.0311750599520384,null],[null,45622,74.585,215,250,0,1.0311750599520384,null],[null,45628,73.05,215,250,0,1.0311750599520384,null],[null,45657,74.645,215,250,0,1.0311750599520384,null],[null,45659,76.53,215,250,0,1.0311750599520384,null],[null,45688,77.05,215,250,0,1.0311750599520384,null],[null,45691,76.08,215,250,0,1.0311750599520384,null],[null,45716,73.475,215,250,0,1.0311750599520384,null],[null,45719,73.92,215,250,0,1.0311750599520384,null],[null,45742,67.495,185,198,0,0.8872901678657075,null],[null,45808,null,170,168,0,0.815347721822542,null],[null,null,null,null,null,null,null,null],[null,null,null,null,null,null,null,null],[null,null,null,null,null,null,null,null],[null,null,null,null,null,null,null,null],[null,null,null,null,null,null,null,null],[null,null,null,"Gas",-0.2093023255813954,null,null,null],[null,null,null,"Diesel",-0.32799999999999996,null,null,null],[null,null,null,"Kero",-0.34042553191489366,null,null,null]]}