{"sheetName":"GOG Investment","rowCount":120,"colCount":6,"cells":[["Click here to go back to first page",null,null,null,null,null],[null,"GOVERNMENT INVESTMENT IN KEY SECTORS",null,null,null,null],[null,null,null,null,null,null],[null,"G$ Billions",null,null,null,null],[null,null,"Actual","Actual","Revised","Budget"],[null,"Sectors",2019,2023,2024,2025],[null,"Roads and Bridges",14.402119156999998,142.794301813,195.29857104699997,209.292946],[null,"Education ",52.80595195,104.954417543,141.93015467799998,175.001235071],[null,"Health ",35.803308015999995,90.204536331,132.989592744,143.189413437],[null,"Agriculture",16.581267366,60.426688423,98.72888727100002,104.64538129300001],[null,"Housing",0.6540640000000001,52.719847927,78.534230186,112.594175],[null,"Pubic Safety and Security",34.712806979,72.60511854500001,94.936231779,108.749006],[null,"Power Generation",7.877091999999999,59.344890956,136.095208216,88.019272],[null,"Hinterland Development",4.0418959999999995,32.358142304,35.772634274999994,43.006122852],[null,"Drainage & Irrigation",9.840263953000001,35.63090414300001,44.278162846,73.20552900000001],[null,"Water ",3.05633,16.792298965,22.738445431,23.121136],[null,"ICT",2.04,3.735809,9.889069731,16.975],[null,null,null,null,null,null],[null,null,null,null,null,null],[null,null,null,null,null,null],[null," ",null,null,null,null],[null,null,null,null,null,null],[null,null,null,null,null,null],[null,null,null,null,null,null],[null,null,null,null,null,null],[null,null,null,null,null,null],[null,null,null,null,null,null],[null,null,null,null,null,null],[null,"CAPITAL INVESTMENT IN KEY SECTORS",null,null,null,null],[null,null,null,null,null,null],[null,"G$ Billions",null,null,null,null],[null,"Sectors","Actual","Actual","Revised","Budget"],[null,null,2019,2023,2024,2025],[null,"Roads and Bridges",14.402119156999998,142.794301813,195.29857104699997,209.292946],[null,"Agriculture and D&I",26.421531319,96.05759256600001,143.007050117,177.85091029300003],[null,"Education ",52.80595195,104.954417543,141.93015467799998,175.001235071],[null,"Health ",35.803308015999995,90.204536331,132.989592744,143.189413437],[null,"Housing and Water",3.710394,69.512146892,101.272675617,135.715311],[null,"Pubic Safety and Security",34.712806979,72.60511854500001,94.936231779,108.749006],[null,"Power Generation",7.877091999999999,59.344890956,136.095208216,88.019272],[null,null,null,null,null,null],[null,null,null,null,null,null],[null,null,null,null,null,null],[null,null,null,null,null,null],[null,null,null,null,null,null],[null,null,null,null,null,null],[null,null,null,null,null,null],[null,null,null,null,null,null],[null,null,null,null,null,null],[null,null,null,null,null,null],[null,null,null,null,null,null],[null,null,null,null,null,null],[null,null,null,null,null,null],[null,null,null,null,null,null],[null,null,null,null,null,null],[null,null,null,null,null,null],[null,null,null,null,null,null],[null,null,null,null,null,null],[null,null,null,null,null,null],[null,null,null,null,null,null],[null,null,null,null,null,null],[null,null,null,null,null,null],[null,null,null,null,null,null],[null,null,null,null,null,null],[null,null,null,null,null,null],[null,null,null,null,null,null],[null,null,null,null,null,null],[null,null,null,null,null,null],[null,null,null,null,null,null],[null,null,null,null,null,null],[null,null,null,null,null,null],[null,null,null,null,null,null],[null,null,null,null,null,null],[null,null,null,null,null,null],[null,null,null,null,null,null],[null,null,null,null,null,null],[null,null,null,null,null,null],[null,null,null,null,null,null],[null,null,null,null,null,null],[null,null,null,null,null,null],[null,null,null,null,null,null],[null,null,null,null,null,null],[null,null,null,null,null,null],[null,null,null,null,null,null],[null,null,null,null,null,null],[null,null,null,null,null,null],[null,null,null,null,null,null],[null,null,null,null,null,null],[null,null,null,null,null,null],[null,null,null,null,null,null],[null,null,null,null,null,null],[null,null,null,null,null,null],[null,null,null,null,null,null],[null,null,null,null,null,null],[null,null,null,null,null,null],[null,null,null,null,null,null],[null,null,null,null,null,null],[null,null,null,null,null,null],[null,null,null,null,null,null],[null,null,null,null,null,null],[null,null,null,null,null,null],[null,null,null,null,null,null],[null,null,null,null,null,null],[null,null,null,null,null,null],[null,null,null,null,null,null],[null,null,null,null,null,null],[null,null,null,null,null,null],[null,null,null,null,null,null],[null,null,null,null,null,null],[null,null,null,null,null,null],[null,null,null,null,null,null],[null,null,null,null,null,null],[null,null,null,null,null,null],[null,null,null,null,null,null],[null,null,null,null,null,null],[null,null,null,null,null,null],[null,null,null,null,null,null],[null,null,null,null,null,null],[null,null,null,null,null,null],[null,null,null,null,null,null]]}