{"sheetName":"Inflation_Historical","rowCount":72,"colCount":4,"cells":[["Click here to go back to first page",null,null,null],[null,"Historical Time Series - 12-Month Inflation Rate (%)",null,null],[null,null,null,null],[null,null,null,null],[null,null,"12-Month Inflation  Rate (%)","Annual Average Inflation Rate (%)"],[null,1970,null,null],[null,1971,null,1],[null,1972,null,4.9504950495049505],[null,1973,null,7.547169811320755],[null,1974,null,17.4561403508772],[null,1975,null,7.916355489171019],[null,1976,null,8.996539792387544],[null,1977,null,8.253968253968253],[null,1978,null,15.249266862170089],[null,1979,null,17.76081424936387],[null,1980,null,14.088159031979252],[null,1981,null,22.23484848484848],[null,1982,null,20.91726061357298],[null,1983,null,14.941055868785242],[null,1984,null,25.195094760312152],[null,1985,null,15.031166518254672],[null,1986,null,7.864994581204532],[null,1987,null,28.735467202526184],[null,1988,null,39.937562716021844],[null,1989,null,92.46275197195443],[null,1990,null,109.28133796986255],[null,1991,null,89.6388020730308],[null,1992,null,26.26473349327214],[null,1993,7.7,null],[null,1994,16.1,null],[null,1995,8.086956521739127,null],[null,1996,4.505229283990353,null],[null,1997,4.1,null],[null,1998,4.8,null],[null,1999,8.62219421253752,7.5327772177397945],[null,2000,5.864494141973653,6.112028000692771],[null,2001,1.5015548083675334,2.6464697675024906],[null,2002,6.110497024698369,5.359139001903301],[null,2003,4.988632554798356,5.980738053391921],[null,2004,5.461431086779611,4.674360295765223],[null,2005,8.279405731719102,6.920775519887057],[null,2006,4.163083810616186,6.677157904100284],[null,2007,14.032856526467373,12.200154444664758],[null,2008,6.370108282252418,8.102022069692726],[null,2009,3.6409105620935023,2.9557449857355866],[null,2010,4.434841961436092,4.287889994000738],[null,2011,3.3004145033995305,4.127473329684528],[null,2012,3.4786016289263726,2.6657383643305277],[null,2013,0.8830381459154183,1.9201708352121882],[null,2014,1.1697885268938801,0.6841134489765596],[null,2015,-1.8118023267792691,-0.862795079571338],[null,2016,1.4365153079769604,0.830234056179442],[null,2017,1.5278092355364008,1.9431213051447138],[null,2018,1.6187437423167397,1.2507747201414177],[null,2019,2.0795604852162097,2.1127319301477177],[null,2020,0.9484518736740943,0.7259835995774827],[null,2021,5.670693741795341,5.03836672787901],[null,2022,7.243115227625574,6.386834452828345],[null,2023,1.9772017474281256,2.86334073436429],[null,2024,2.9258131388761,2.90433686428168],[null,2025,2.46853446713817,3.32787188018253],[null,"Budget 2026",2.5,"…"],[null,null,null,null],[null,null,null,null],[null,null,null,null],[null,null,null,null],[null,null,null,null],[null,null,null,null],[null,null,null,null],[null,null,null,null],[null,null,null,null],[null,null,null,null]]}