{"sheetName":"Inflation_Contribution","rowCount":95,"colCount":12,"cells":[["Click here to go back to first page",null,null,null,null,null,null,null,null,null,null,null],[null,"Inflation 12-Month Rate & Contribution",null,null,null,null,null,null,null,null,null,null],[null,null,null,null,null,null,null,null,null,null,null,null],[null,null,2014,2015,2016,2017,2018,2019,2020,2021,2022,2023],[null,"All-Items CPI",113.93758872773364,111.87326484408837,113.4803414191073,115.21410455582667,117.07912566359037,119.51385689732703,120.64738831236991,127.488932211039,136.723102473554,139.42639404479905],[null,"12-Month Rate",null,-1.811802326779266,1.436515307976971,1.5278092355363926,1.6187437423167417,2.079560485216203,0.9484518736740943,5.670693741795341,7.243115227625574,1.9772017474281256],[null,"Transport & Communication",17.8121307622267,-0.6340154570132268,-0.06693904646272822,0.20028238395493064,0.3474437764402512,-0.11799868480792725,-0.2367258158648483,0.39470603093545686,0.19426528540233304,0.016055970141646794],[null,"Housing",28.63540128500272,-0.45482518390165944,0.003923047431927274,0.11067458830792314,0.27100275388790146,-0.1972793601082509,-0.5340739693371436,-0.05263397228761649,0.32818004634954195,0.015471904692837133],[null,"Food",33.8161158648952,-0.37511676557845225,1.5970013479473197,1.1017590823191235,1.188653138938999,2.4681878540684408,1.5530999568717858,4.972831581580274,6.359039865204845,1.8156371198266434],[null,null,null,-1.4639574064933385,1.5339853489165187,1.4127160545819772,1.8070996692671515,2.1529098091522627,0.7823001716697939,5.314903640228114,6.88148519695672,1.8471649946611273],[null,null,null,-0.01811802326779266,0.01436515307976971,0.015278092355363926,0.016187437423167417,0.02079560485216203,0.009484518736740943,0.05670693741795341,0.07243115227625574,0.0197720174742813],[null,"Source: Bureau of Statistics",null,null,null,null,null,null,null,null,null,null],[null,null,null,null,null,null,null,null,null,null,null,null],[null,null,null,null,null,null,null,null,null,null,null,null],[null,null,null,null,null,null,null,null,null,null,null,null],[null,null,"Weights",2015,2016,2017,2018,2019,2020,2021,2022,2023],[null,null,null,null,null,null,null,null,null,null,null,null],[null,"All Items",99.99999999999997,-0.01811802326779269,0.014365153079769604,0.015278092355364007,0.016187437423167396,0.020795604852162097,0.009484518736741006,0.056706937417953435,0.07243115227625571,0.0197720174742811],[null,"Food",33.8161158648952,-0.37511676557845225,1.5970013479473197,1.1017590823191235,1.188653138938999,2.4681878540684408,1.5530999568717858,4.972831581580274,6.359039865204845,1.8156371198266434],[null,"Clothing",1.5361808311932146,-0.011230648217477738,-0.041483940130381244,0.0039487432396957305,-0.02091355771387538,-0.06377382846017626,-0.0032958804593927796,-0.014019660705582242,0.00399605608742168,-0.0012084120088720987],[null,"Footwear & Repairs",0.7822313678140349,0.0015332236217031412,-0.016180033992775834,0.002026755829979484,-0.08058806708554068,-0.006399219974625445,-0.004600078700772682,0.00021228381251325735,0.0013657852824068917,0.0006071370691481597],[null,"Housing",28.63540128500272,-0.45482518390165944,0.003923047431927274,0.11067458830792314,0.27100275388790146,-0.1972793601082509,-0.5340739693371436,-0.05263397228761649,0.32818004634954195,0.015471904692837133],[null,"Furniture",7.211004819568102,-0.22608245984271183,-0.034031891690497765,0.038233079380154654,-0.07564125597253889,-0.047689292496503916,0.03579964275402384,0.2087025514960855,0.1547175829794095,0.0250801773071937],[null,"Transport & Communication",17.812130762226698,-0.6340154570132268,-0.06693904646272822,0.20028238395493064,0.3474437764402512,-0.11799868480792725,-0.2367258158648483,0.39470603093545686,0.19426528540233304,0.016055970141646794],[null,"Medical Care & Health Services",0.8957562831735427,0.0045151543263316505,0.010925858605218903,0.026923727681443983,0.020815159884646366,0.0022429847774002305,0.04985878588598221,0.016357509299197853,0.0015956683324757875,0.011559519747750747],[null,"Education, Recreation & Cultural Services",3.6857954620920217,-0.11622019748790474,-0.015058487331306544,0.09823197742624941,-0.054407478159278065,0.012782850784581114,0.0097791704677602,-0.010784903858606044,0.00737394805433339,0.004188285047147552],[null,"Miscellaneous Goods & Services",5.625383324034424,-0.0003599926858188168,-0.0016415463998592688,-0.054271102603061616,0.0223792720961655,0.029487181433288347,0.07861006205669611,0.15532232152387165,0.19258098993255984,0.08981004560461282],[null,null,null,null,null,null,null,null,null,null,null,null],[null,null,null,-1.8118023267792167,1.436515307976917,1.527809235536439,1.6187437423167303,2.079560485216227,0.9484518736740908,5.670693741795595,7.243115227625326,1.9772017474281083],[null,null,null,null,null,null,null,null,null,null,null,null],[null,null,null,null,null,null,null,null,null,null,null,null],[null,null,null,null,null,null,null,null,null,null,null,null],[null,null,null,null,null,null,null,null,null,null,null,null],[null,"Inflation",null,null,null,null,null,null,null,null,null,null],[null,null,null,null,null,null,null,null,null,null,null,null],[null,null,null,null,null,null,null,null,null,null,null,null],[null,null,null,null,null,null,null,null,null,null,null,null],[null,null,null,null,null,null,null,null,null,null,null,null],[null,null,null,null,null,null,null,null,null,null,null,null],[null,null,null,null,null,null,null,null,null,null,null,null],[null,null,null,null,null,null,null,null,null,null,null,null],[null,null,null,null,null,null,null,null,null,null,null,null],[null,null,null,null,null,null,null,null,null,null,null,null],[null,null,null,null,null,null,null,null,null,null,null,null],[null,null,null,null,null,null,null,null,null,null,null,null],[null,null,null,null,null,null,null,null,null,null,null,null],[null,null,null,null,null,null,null,null,null,null,null,null],[null,null,null,null,null,null,null,null,null,null,null,null],[null,null,null,null,null,null,null,null,null,null,null,null],[null,null,null,null,null,null,null,null,null,null,null,null],[null,null,null,null,null,null,null,null,null,null,null,null],[null,null,null,null,null,null,null,null,null,null,null,null],[null,null,null,null,null,null,null,null,null,null,null,null],[null,null,null,null,null,null,null,null,null,null,null,null],[null,null,null,null,null,null,null,null,null,null,null,null],[null,null,null,null,null,null,null,null,null,null,null,null],[null,null,null,null,null,null,null,null,null,null,null,null],[null,null,null,null,null,null,null,null,null,null,null,null],[null,null,null,null,null,null,null,null,null,null,null,null],[null,null,null,null,null,null,null,null,null,null,null,null],[null,null,null,null,null,null,null,null,null,null,null,null],[null,null,null,null,null,null,null,null,null,null,null,null],[null,null,null,null,null,null,null,null,null,null,null,null],[null,"Contribution of Major CPI Categories to Inflation Rates",null,null,null,null,null,null,null,null,null,null],[null,null,null,null,null,null,null,null,null,null,null,null],[null,"The 12-month inflation at the end of 2023 was 2 percent, with higher food prices accounting for 1.8 percentage points. ",null,null,null,null,null,null,null,null,null,null],[null,null,null,null,null,null,null,null,null,null,null,null],[null,null,null,null,null,null,null,null,null,null,null,null],[null,null,null,null,null,null,null,null,null,null,null,null],[null,null,null,null,null,null,null,null,null,null,null,null],[null,null,null,null,null,null,null,null,null,null,null,null],[null,null,null,null,null,null,null,null,null,null,null,null],[null,null,null,null,null,null,null,null,null,null,null,null],[null,null,null,null,null,null,null,null,null,null,null,null],[null,null,null,null,null,null,null,null,null,null,null,null],[null,null,null,null,null,null,null,null,null,null,null,null],[null,null,null,null,null,null,null,null,null,null,null,null],[null,null,null,null,null,null,