{"sheetName":"Minimum Wage","rowCount":64,"colCount":8,"cells":[["Click here to go back to first page",null,null,null,null,null,null,null],[null,"Historical Time Series - Public Sector Minimum Wage",null,null,null,null,null,null],[null,null,null,null,null,null,null,null],[null,null,null,null,null,null,null,null],[null,null,"Monthly Public Sector Min. Wage (G$)","Monthly Public Sector Min. Wage (US$)",null,null,null,null],[null,1980,null,null,null,null,null,null],[null,1981,270.9,96.3200000342471,null,null,null,null],[null,1982,270.9,90.3000000301,null,null,null,null],[null,1983,270.9,90.3000000301,null,null,null,null],[null,1984,360,93.95622250029211,null,null,null,null],[null,1985,382,89.8431390551857,null,null,null,null],[null,1986,401,93.85788683219872,null,null,null,null],[null,1987,567,58.11907405825576,null,null,null,null],[null,1988,595,59.5,null,null,null,null],[null,1989,857,31.55520780595572,null,null,null,null],[null,1990,1027,25.980268150771565,null,null,null,null],[null,1991,2546,22.772808586762075,null,null,null,null],[null,1992,3137,25.096,null,null,null,null],[null,1993,4314,34.016716606213535,null,null,null,null],[null,1994,5500,38.59649122807018,null,null,null,null],[null,1995,6380,44.964409049263516,null,null,null,null],[null,1996,7337,52.23923104307583,null,null,null,null],[null,1997,8804,61.287852419074135,null,null,null,null],[null,1998,11445,69.89739831440087,null,null,null,null],[null,1999,15000,83.1347336917364,null,null,null,null],[null,2000,19000,104.14382810787109,null,null,null,null],[null,2001,20045,107.00939568652574,null,null,null,null],[null,2002,21047.25,109.76401564537157,null,null,null,null],[null,2003,22099.6125,113.04149616368287,null,null,null,null],[null,2004,23204.593125,116.15073142957253,null,null,null,null],[null,2005,24829,124.05815928849806,null,null,null,null],[null,2006,26070.345,129.75485267768266,null,null,null,null],[null,2007,28416.7,139.6466656838174,null,null,null,null],[null,2008,29836,146.36970172684457,null,null,null,null],[null,2009,31626,155.41795665634675,null,null,null,null],[null,2010,33207,163.92042649817355,null,null,null,null],[null,2011,35864,175.78668757964905,null,null,null,null],[null,2012,37657,184.11479978487264,null,null,null,null],[null,2013,39540,191.86723602484471,null,null,null,null],[null,2014,42703.200000000004,206.7951573849879,null,null,null,null],[null,2015,50000,242.13075060532688,null,null,null,null],[null,2016,55000,266.3438256658596,null,null,null,null],[null,2017,60000,290.55690072639226,null,null,null,null],[null,2018,64200,307.9136690647482,null,null,null,null],[null,2019,70000,335.7314148681055,null,null,"Across the Board Salary Increase",null],[null,2020,70000,335.7314148681055,0,null,2020,0],[null,2021,74900,359.2326139088729,0.07000000000000006,null,2021,0.07],[null,2022,80892,387.9712230215827,0.08000000000000007,null,2022,0.08],[null,2023,86149.98,413.1893525179856,0.06499999999999995,null,2023,0.065],[null,2024,94764.978,454.5082877697842,0.10000000000000009,null,2024,0.1],[null,2025,102346.17624000002,490.86895079136696,0.08000000000000007,null,2025,0.08],[null,2026,111557.33210160003,535.04715636259,0.09000000000000008,null,null,null],[null,null,null,null,null,null,null,null],[null,"Change in Minimum Wage during term in office",null,null,null,null,null,null],[null,"2015 - 2019",0.639221416661983,null,null,null,null,null],[null,"2020 - 2025",0.46208823200000015,null,null,null,null,null],[null,null,null,null,null,null,null,null],[null,null,null,null,null,null,null,null],[null,null,null,null,null,null,null,null],[null,null,null,null,null,null,null,null],[null,null,null,null,null,null,null,null],[null,null,null,null,null,null,null,null],[null,null,null,null,null,null,null,null],[null,null,null,null,null,null,null,null]]}