{"sheetName":"Mortgages_CB","rowCount":30,"colCount":28,"cells":[["Click here to go back to first page",null,null,null,null,null,null,null,null,null,null,null,null,null,null,null,null,null,null,null,null,null,null,null,null,null,null,null],[null,null,null,null,null,null,null,null,null,null,null,null,null,null,null,null,null,null,null,null,null,null,null,null,null,null,null,null],[null,"Number and Value of New Mortgage Loans Issued (2014 - 2024) - G$'000              ",null,null,null,null,null,null,null,null,null,null,null,null,null,"G$M",null,"Analysis",null,null,null,null,null,null,null,null,null,null],[null,"Year","Period","BOB",null,"BNS",null,"CBI",null,"DBL",null,"GBTI",null,"RBGL",null,"NBS",null,"No. of Loans","Value of Loans","No. of Loans",null,null,null,null,"Value of Loans",null,null,null],[null,null,null,"No. of Loans","Value of Loans","No. of Loans","Value of Loans","No. of Loans","Value of Loans","No. of Loans","Value of Loans","No. of Loans","Value of Loans","No. of Loans","Value of Loans","No. of Loans","Value of Loans","Total","Total (Millions)","Max",null,"Min",null,null,"Max",null,"Min",null],[null,2014,"End-Jun",20,756156000,325,2582189053.840001,128,1966878,65,1363264250,32,396445496,63,347346320,842,3419.352,1475,5450787.349840001,842,"NBS",20,"BOB",null,2582189053.840001,"BNS",3419.352,"NBS"],[null,null,"End-Dec",27,522840000,317,2536306946.47,141,1127848,64,823523000,33,369933239.5,343,1889184864,1176,5183.717,2101,6148099.61497,1176,"NBS",27,"BOB",null,2536306946.47,"BNS",5183.717,"NBS"],[null,2015,"End-Jun",23,919953000,419,3072836010.86,88,620174,54,1837405000,36,440572000,336,1908979479,270,1643.495,1226,8182009.158860001,419,"BNS",23,"BOB",null,3072836010.86,"BNS",1643.495,"NBS"],[null,null,"End-Dec",30,881242769,201,1496709738.9499998,65,513337,40,965948995,31,388975694,331,1760398178,595,3238.128,1293,5497026.83995,595,"NBS",30,"BOB",null,1760398178,"RBGL",3238.128,"NBS"],[null,2016,"End-Jun",32,570349496,172,1544361406.6899998,47,923099,42,1287604622,34,338199472.5,345,2036444229,268,1537.34,940,5779419.66519,345,"RBGL",32,"BOB",null,2036444229,"RBGL",1537.34,"NBS"],[null,null,"End-Dec",19,524270000,160,1540574976.93,58,399856,27,422016250,12,152214315.41,397,2218653852,656,3365.107,1329,4861494.35734,656,"NBS",12,"BOB",null,2218653852,"RBGL",3365.107,"NBS"],[null,2017,"End-Jun",9,239300000,186,2081920064.6100001,52,369297,30,834891500,22,429210162,397,2305528239,505,2343.448,1201,5893562.7106099995,505,"NBS",9,"BOB",null,2305528239,"RBGL",2343.448,"NBS"],[null,null,"End-Dec",14,241150000,236,2214421009.05,56,468390,25,529324488,19,216419000,407,2389050297,1081,4967.338,1838,5595800.52205,1081,"NBS",14,"BOB",null,2389050297,"RBGL",4967.338,"NBS"],[null,2018,"End-Jun",3,62000000,229,2388974976.4799995,72,580987,33,1481729500,15,163832062.08,349,2130703617,505,2436.381,1206,6230257.52356,505,"NBS",3,"BOB",null,2388974976.4799995,"BNS",2436.381,"NBS"],[null,null,"End-Dec",9,158000000,195,1885315806.5199995,70,724026,18,1446050000,20,2248311933,406,2578841380,976,4713.573,1694,8321956.71852,976,"NBS",9,"BOB",null,2578841380,"RBGL",4713.573,"NBS"],[null,2019,"End-Jun",4,95500000,157,1704733155.7400002,93,966856,35,1089400300,25,303789000,386,2384296020,455,2477.29,1155,5581162.62174,455,"NBS",4,"BOB",null,2384296020,"RBGL",2477.29,"NBS"],[null,null,"End-Dec",8,557000000,243,3313392948.81,69,614217,34,1341040000,29,456730000,390,2823152604.55,1017,5324.44,1790,8497254.21036,1017,"NBS",8,"BOB",null,3313392948.81,"BNS",5324.44,"NBS"],[null,2020,"End-Jun",13,281820000,146,2185341513.8199997,51,557943,32,1260076000,28,665505213.29,233,1668779461.16,300,1646.449,803,6063726.58027,300,"NBS",13,"BOB",null,2185341513.8199997,"BNS",1646.449,"NBS"],[null,null,"End-Dec",10,276100000,200,3207747797.3999996,90,1200561,23,1127400000,34,499782951.41,331,4587272157.4,669,3584.611,1357,9703088.07821,669,"NBS",10,"BOB",null,4587272157.4,"RBGL",3584.611,"NBS"],[null,2021,"End-Jun",27,1103360000,200,3086919597.55,66,742664,50,1110117000,60,1242715990.86,350,2832511710.82,473,2650.616,1226,9379017.579230001,473,"NBS",27,"BOB",null,3086919597.55,"BNS",2650.616,"NBS"],[null,null,"End-Dec",19,559950000,140,2446810366.35,51,989059,77,2166115000,77,1593382176,300,3403787521.58,1007,5673,1671,10176707.12293,1007,"NBS",19,"BOB",null,3403787521.58,"RBGL",5673,"NBS"],[null,2022,"End-Jun",28,576563000,150,3060801568.7599998,86,1166259,94,2463095000,92,1476270538,255,2562059824.03,588,4211.777,1293,10144167.96679,588,"NBS",28,"BOB",null,3060801568.7599998,"BNS",4211.777,"NBS"],[null,null,"End-Dec",17,1500183000,182,3601964619.8799996,134,1679700,99,3097519200,113,2067452175,263,3635349029.42,2220,16688.16,3028,13920835.884300001,2220,"NBS",17,"BOB",null,3635349029.42,"RBGL",16688.16,"NBS"],[null,2023,"End-Jun",13,790800000,158,2607694548.33,93,2121527,111,6296798000,123,1990715665,280,3776993057.92,1675,13981.937,2453,15479104.73525,1675,"NBS",13,"BOB",null,6296798000,"DBL",13981.937,"NBS"],[null,null,"End-Dec",18,1238200000,106,1824320030,200,3038472,96,2962073375,152,2637049212,277,4722749403.030001,2697,22656.867,3546,13410087.35903,2697,"NBS",18,"BOB",null,4722749403.030001,"RBGL",22656.867,"NBS"],[null,2024,"End-Jun",16,1048400000,118,1960989978.9299998,117,2482668,87,3965123300,113,1762922435.21,279,7839173604,958,6956.942,1688,16586048.92814,958,"NBS",16,"BOB",null,7839173604,"RBGL",6956.942,"NBS"],[null,null,"End-Dec",35,2239775000,96,1906623103,111,2085602,137,4302441000,123,2291236840,249,10813119329,1204,8883.55,1955,21564164.424,1204,"NBS",35,"BOB",null,10813119329,"RBGL",8883.55,"NBS"],[null,null,null,null,null,null,null,null,null,null,null,null,null,null,null,null,null,null,null,null,null,null,null,null,null,null,null,null],[null,"Source: Commercial Banks",null,null,null,null,null,null,null,null,null,null,null,null,null,null,null,null,null,null,null,null,null,null,null,null,null,null],[null,null,null,null,null,null,null,null,null,null,null,null,null,null,null,null,null,null,null,null,null,null,null,null,null,null,null,null]]}