{"sheetName":"Nominal GDP by Sector","rowCount":52,"colCount":17,"cells":[["Click here to go back to first page",null,null,null,null,null,null,null,null,null,null,null,null,null,null,null,null],[null,"NOMINAL GDP BY SECTOR:",null,null,null,null,null,null,null,null,null,null,null,null,null,null,null],[null,null,null,null,null,null,null,null,null,null,null,null,null,null,null,null,null],[null,null,2012,2013,2014,2015,2016,2017,2018,2019,2020,2021,2022,2023,2024,"2025p","Budget 2026"],[null,null,null,null,null,null,null,null,null,null,null,null,null,null,null,null,null],[null,"Agriculture, forestry and fishing",211233.87890927936,219553.5439706932,209579,224862.67105153154,188720,223142.0514292895,194277.0903368082,189805.5387495335,192229.2977170067,225593.29300206056,307794.2410185102,343706.5201142496,391965.3792456298,436979.4684447919,483188.0403414476],[null,"  Sugar",13419.882833674415,12226.509271108604,8990,13349.363324475922,11760,9264.09200932201,5277.670013922813,4819.000130114376,5182,3613.9976027833545,3390.2090038591878,6328.504359033243,7758.449352702567,7107.415913311708,11853.699629543416],[null,"  Rice",41561.64099253686,44294.3492181704,44955,47642.23314765151,28947,34202.978510679255,37731.97997847764,39950.62300993952,43820,40380.529140815146,49456.60471326142,55404.53566354577,64508.28787617681,70588.74310088514,70577.00136626817],[null,"  Other crops",105690.57229829187,105610.29321113232,99857,106849.63161710721,99509,128920.3118704618,98084.6585522469,92868,96361.55414836452,131876.0972723371,190108.36759194627,198626.55559547566,217193.27143309324,244692.7965965409,274665.4440290496],[null,"  Livestock",20563.61448008049,22044.76469865592,20400,22478.82170791572,19432,19494.077139202775,22603.5947752559,26487.184810166385,26107.816799721302,26646.873513057046,37843.35578984605,41027.19243011541,60262.250028930684,69057.37242386032,74427.02903289381],[null,"  Forestry",17554.447723839876,23354.560289056928,25759,24430.12212965685,17429,19158.2955321412,19288,14464.99079931323,11450.744623900899,13616.367331965645,16133.602507546122,25835.37260303326,24514.242467341486,25197.711569114625,28457.005786063193],[null,"  Fishing",12443.720580855877,12023.067282569027,9618,10112.499124724325,11643,12102.296367482482,11291.187016904962,11215.74,9307.18214502,9459.428141102278,10862.101412051128,16484.359463046247,17728.878087385077,20335.428841079218,23207.860497629343],[null,null,null,null,null,null,null,null,null,null,null,null,null,null,null,null,null],[null,"Mining and quarrying",100987.8106936204,88007.7531053778,78146,82571.78266810688,137882,121687.39361568392,127650.45367515346,161408.84062602307,309194.96634511196,680939.9604687628,1890374.6934729733,2170268.608435256,3572471.3887430876,3801465.3584283795,3734712.50967123],[null,"  Bauxite",12965.000164180397,10739.503515918386,10729,10955.582772010192,10433,7914.638316334684,9902.989629254174,10646.01400372339,4913.883,4882.596311866931,7349.228869387645,5814.251016298974,12044.13980649993,11065.1422020997,13372.726810856424],[null,"  Gold",82391.51913714064,70189.63137769408,56950,58651.078621148525,107951,94254.64435387959,84240.43874654101,106253.86983255617,109057.19999999998,99510.54552530203,95136.61024511834,92243.71665736884,116508.88740759253,196593.66852996548,212514.02477412956],[null,"  Other mining and quarrying",5234.7828183930105,6696.285206060413,9916,10897.470376505487,16559,14537.235923087717,23630.8205846102,25806.46382077889,14839.13,28382.086068661083,44225.188928914606,69299.17787317332,105170.0231818532,135510.94431908414,153916.5654030641],[null,"  Petroleum and gas; and support services",396.5085739063452,382.33300570489865,551,2067.650898442675,2939,4980.875022381924,9876.204714748073,18702.492968964612,180384.753345112,548164.7325629328,1743663.6654295528,2002911.462888415,3338748.338347142,3458295.6033772305,3354909.19268318],[null,null,null,null,null,null,null,null,null,null,null,null,null,null,null,null,null],[null,"Manufacturing",49950.2904746977,54323.74598801164,51523,52488.74076575778,45976,46958.6648271407,46425.527923873764,54467.00930325847,48414.4788468352,52563.45527279999,57295.195736631125,79572.9247579829,87280.16433865158,107271.45598277316,125012.71893027508],[null,"  Sugar",11906.566117179842,10686.74621795864,7519,11790.784959152097,10655,8326.554578162879,4742.667519211924,4235.458847851875,4575,3136.3300400356648,2787.4378685795664,5877.09928860789,6856.309279016638,6539.050325528491,10908.547552286183],[null,"  Rice",9898.239988062414,11631.09023827449,13230,10398.423312004947,6983,9437.899703307681,10153.213959634842,14178.555498533678,11030.149816395198,11902.953528981681,15036.769438116105,22080.414053442397,20068.785238196833,22200.423009025282,22415.807361009745],[null,"  Other manufacturing",28145.484369455444,32005.909531778507,30774,30299.532494600735,28338,29194.210545670143,31529.646445027,36052.99495687292,32809.32903044,37524.171703782646,39470.98842993545,51615.41141593261,60355.06982143811,78531.98264821937,91688.36401697915],[null,null,null,null,null,null,null,null,null,null,null,null,null,null,null,null,null],[null,"Electricity supply",3904.9328742271246,5825.168754084585,6183,14127.214755354405,15451,10799.40047047049,5466.929792533345,5947.750427866798,5950.08591951709,4434.4532905540755,5154.537584380854,9082,12273.14850519807,14498.73941173475,16311.081838201595],[null,"Water supply and sewerage",2555,2587.169,3262,2630.067,2452,2562.156,2659,3030.9,3133.9999999999995,2771.9847850308806,2825.3973229022363,3164.8871000351674,3492.3170739932843,3559.9104525819694,3737.9059752110684],[null,"Construction",63366.48696057052,68643.25240477189,68744,66642.61154762455,70230,74952.94657755281,78943.61941438065,84625.2930626303,75876.2465181923,104134.64269853436,125619,182518.59296068194,234273.75858734292,315524.4343959247,407211.8653041572],[null,null,null,null,null,null,null,null,null,null,null,null,null,null,null,null,null],[null,"Services",357054.0650698367,367745.8260529835,381623,389794.3114920305,410093,434587.53942013666,457001.7951899518,482334.8269017563,443981.7851131506,517138.70621656463,591347.4785197512,662011.894118401,743602.265606849,838953.8020841243,918987.9925109015],[null,"Wholesale and retail trade and repairs",81865.52060409937,78064.25578717382,76662,64626.36545317567,65484,71423.38606134661,74403.65003294546,80355.9420355811,55493,77895.823138606,99274.6226786674,112648.8689332603,126780.9904430551,142667.3954247813,158525.30867356525],[null,"Transport and storage",29738.412804043295,29441.83045055084,30306,30751.61739813214,31348,33518.33310044288,36833.69543169984,34127.25651296049,31517.999999999996,41406.51132289871,45986.673817745956,47862.749254493654,54835.71784032833,63771.31221134134,68982.15375381304],[null,"Accommodation and food services",2914.616660076621,3169.2370287689155,3465,3897.540722502834,4236,4425.18416601074,4866.62354738228,5228.0409055220025,3184.32542932415,4327.991990297169,6042.761630461723,7056.26591246583,8183.69361515289,9469.50129309924,10396.679199017799],[null,"Information and communication",18678.19405006,19536.94230665506,21084,20934.15559438,23121,23194.054758631184,24579.031447830675,24139,24293.582518219297,26312.4912655596,28527.401371127846,32697,33953.1853758462,35984.84115441925,38774.519693696806],[null,"Financial and insurance activities",34648.7863796632,37798.87808109891,37555,41118.79153514034,41688,42236.64430627657,42677.87678387591,45404.06449943092,42814.60210256584,51054.827447695054,56944.74545777213,62365.77210501136,76098.27354960633,95554.64450940755,108961.44650440861],[null,"Real estate activities",71723.63689259622,73684.05717237218,76300,79648.28599152114,81314,84117.31082996512,85489.10610961061,87304.68070101927,88104.43236186478,90187.64531605304,95630.26251680526,98782.53640101639,103648.70604882162,109354.94004355308,116119.88224579944],[null,"Professional, scientific and technical services",3947.6681833761436,