{"sheetName":"OAP and Pub Assistance","rowCount":64,"colCount":7,"cells":[["Click here to go back to first page",null,null,null,null,null,null],[null,"Old Age Pension and Public Assistance (G$)",null,null,null,null,null],[null,null,null,null,null,null,null],[null,null,null,null,null,null,null],[null,null,"OAP Rate (G$)","Public Assistance","OAP Beneficiaries","Public Assistance Beneficiaries",null],[null,2014,13125,5900,null,null,null],[null,2015,17000,6500,54271,17230,null],[null,2016,18200,7300,54180,13312,null],[null,2017,19000,7500,55330,14197,null],[null,2018,19500,8000,50854,9311,null],[null,2019,20500,9000,53989,10489,null],[null,2020,20500,9000,58100,11411,null],[null,2021,25000,12000,62616,18326,null],[null,2022,28000,14000,69478,28108,null],[null,2023,33000,16000,74426,31912,null],[null,2024,36000,19000,82358,40405,null],[null,2025,41000,22000,91000,42471,null],[null,"Budget 2026",46000,25000,95000,46368,null],[null,null,null,null,null,null,null],[null,"Note: PPP/C delivered on the promise of $40,000 in the Manifesto 2020",null,null,null,null,null],[null,null,null,null,null,null,null],[null,null,null,14292600000,1232388000,null,null],[null,null,null,44772000000,11212344000,null,null],[null,null,"2025-2020",30479400000,9979956000,null,null],[null,null,null,null,null,null,null],[null,"Change in OAP during term in office",null,null,null,null,null],[null,null,"% Change","Nominal","Average",null,null],[null,"2014 - 2019 (APNU/AFC)",0.5619047619047619,7375,1229.1666666666667,null,null],[null,"2020 - 2025 (PPP/C)",1,20500,3416.6666666666665,null,null],[null,null,null,null,null,null,null],[null,null,null,null,null,null,null],[null,null,null,null,null,null,null],[null,"OLD AGE PENSION DISTRIBUTION:",null,null,null,null,null],[null,null,null,null,null,null,null],[null,null,"2022 Distribution:",null,null,null,null],[null,null,"Region","No. of Pensioners","Annual Cost",null,null],[null,null,1,2060,692160000,null,null],[null,null,2,4154,1395744000,null,null],[null,null,3,9849,3309264000,null,null],[null,null,4,30899,10382064000,null,null],[null,null,5,4743,1593648000,null,null],[null,null,6,9256,3110016000,null,null],[null,null,7,1410,473760000,null,null],[null,null,8,632,212352000,null,null],[null,null,9,1914,643104000,null,null],[null,null,10,3725,1251600000,null,null],[null,null,null,68642,23063712000,null,null],[null,"Please note that we have 922 pensioners on the banking system who are not captured by Region",null,null,null,null,null],[null,null,null,null,null,null,null],[null,null,null,null,null,null,null],[null,null,null,null,null,null,null],[null,null,"2023 Estimated OAP Distribution:",null,null,null,null],[null,null,"Region","No. of Pensioners","Annual Cost",null,"2022 Share"],[null,null,1,2190.7869817313012,867551644.7655954,null,0.030010780571661663],[null,null,2,4417.73258354943,1749422103.0855742,null,0.06051688470615658],[null,null,3,10474.301448093005,4147823373.44483,null,0.1434835814807261],[null,null,4,32860.74123714344,13012853529.908802,null,0.45014714023484165],[null,null,5,5044.127502112409,1997474490.836514,null,0.06909763701523848],[null,null,6,9843.652574225693,3898086419.3933744,null,0.13484455581131086],[null,null,7,1499.51924477725,593809620.9317911,null,0.020541359517496575],[null,null,8,672.1249380845546,266161475.48148364,null,0.009207190932665131],[null,null,9,2035.5176131231608,806064974.7967718,null,0.027883802919495354],[null,null,10,3961.495877159756,1568752367.3552635,null,0.05426706681040762],[null,null,null,73000,28908000000,null,null]]}