{"sheetName":"Price of Pumpkin","rowCount":31,"colCount":8,"cells":[["Click here to go back to first page",null,null,null,null,null,null,null],[null,"Pumpkin Prices",null,null,null,null,null,null],[null,null,null,null,null,null,null,null],[null,"PUMPKIN","G$/lb","Stabroek Market","Parika Market","Bourda Market","VreedEnHoop Market ",null],[null,null,null,null,null,null,null,null],[null,null,45231,120,160,110,200,45231],[null,null,45233,120,160,110,200,45232],[null,null,45236,120,160,110,200,45233],[null,null,45237,120,160,140,186.67,45236],[null,null,45238,120,160,140,186.67,45237],[null,null,45239,120,160,140,186.67,45238],[null,null,45240,120,160,140,186.67,45239],[null,null,45244,450,160,140,186.67,45240],[null,null,45245,450,160,230,230,45244],[null,null,45246,400,160,230,260,45245],[null,null,45247,700,160,230,260,45246],[null,null,45250,700,null,230,260,45247],[null,null,45251,700,null,230,260,45250],[null,null,45252,700,null,230,260,45251],[null,null,45253,700,null,230,260,45252],[null,null,45254,400,null,230,260,45253],[null,null,45258,350,null,200,260,45254],[null,null,45259,350,null,200,260,45257],[null,null,45260,330,null,200,260,45258],[null,null,null,null,null,null,260,45259],[null,null,null,null,null,null,260,45260],[null,null,null,null,null,null,null,null],[null,null,null,null,null,null,null,null],[null,null,"Average",372.10526315789474,160,182.6315789473684,229.65,null],[null,null,null,null,null,null,null,null],[null,null,"MAX",700,160,230,260,null]]}