{"sheetName":"Private Sector Credit","rowCount":58,"colCount":12,"cells":[["Click here to go back to first page",null,null,null,null,null,null,null,null,null,null,null],[null,"Private Sector Credit (G$ Millions)",null,null,null,null,null,null,null,null,null,null],[null,null,null,null,null,null,null,null,null,null,null,null],[null,null,"Total Private Sector Credit","Credit to Agriculture","Credit to Mining & Quarrying","Credit to Manufacturing ","Credit to Services","Credit to Households","Real Estate Mortgages","Credit Cards","Other Forms of Credit",null],[null,1990,4159.6,null,null,null,null,null,null,null,null,null],[null,1991,6672.4,null,null,null,null,null,null,null,null,null],[null,1992,8734.7,null,null,null,null,null,null,null,null,null],[null,1993,10253.9,1074.4,601.5,2412.2,4027.7,2090.6,null,null,null,null],[null,1994,13900.3,1765,641.7,2402.2,5841.9,3125.1,null,null,null,null],[null,1995,21107.1,3324.4,839.3,3194.9,8013.8,5284.3,null,null,null,null],[null,1996,36308.9,7949.7,1016.2,8313.8,12474.9,6109.4,null,null,null,null],[null,1997,44863.3,7265.5,918.2,12642.2,13326.4,8768.6,null,null,null,null],[null,1998,51838.3,8978.2,1041.7,13749.2,15156.6,9946.8,null,null,null,null],[null,1999,54773.322,8093.6,1037.3,15914,17084.3,10461.7,2279.597,null,327.733,null],[null,2000,49471.806,8674.829,803.129,16104.002999999999,18039.761,9156.572,3112.04,null,1920.583,null],[null,2001,58155.317,8133.485,702.628,15079.71,17136.937,8761.483,3912.115,null,4083.633,null],[null,2002,58664.772,6759.487999999999,680.696,13716.324999999999,17151.785000000003,9073.52,3513.466,null,7769.492,null],[null,2003,48593.739,3468.848,697.536,10078.213,15451.473000000002,8825.493999999999,3632.484,null,6439.691,null],[null,2004,48386.009,3244.6,409.91700000000003,8539.771,14387.2,8192.481,7432.445,null,6174.933,null],[null,2005,52428.571,3637.696,346.043,8149.998,14365.537999999999,10303.02,9301.688,null,6324.588,null],[null,2006,61788.569,3525.7879999999996,955.509,10145.101999999999,15969.271,12513.291000000001,12523.743,null,6155.865,null],[null,2007,73346.85,2984.4790000000003,822.757,10634.577000000001,18514.658000000003,17005.076999999997,16402.535,1242.171,6982.767,null],[null,2008,89334.57226666,3934.1,1674.3,11658.5,23880.7,17406,21910.276,1831.761,7038.91,null],[null,2009,94390.06963311,5086.9,1505.8,10441.8,25074.8,16583.8,27266.399,1792.894,6637.6626892799995,null],[null,2010,112333.39417185001,6755.2,2582,12861.3,28687.7,18768,33810.107,1737.104,7132.01206324,null],[null,2011,134636.07200267,9617.9,2806.1,16674.9,35468.3,21631.8,40204.315,1657.393,6575.325,null],[null,2012,161644.04506769998,11331.7,4247.4,22213.8,44082.5,23365.5,45657.975,1699.855,6232.186694229999,null],[null,2013,185130.0308076,12879.6,4838.9,26198.3,48770.4,27614.2,56653.05733753,1818.656,6356.82940635,null],[null,2014,202041.52776422,12008.206,5456.777,31169.394,57019.975999999995,24848.099,64115.560209229996,2055.184,5368.330506,null],[null,2015,214487.16243453,11689.485,4893.751,30224.299,59734.825000000004,27589.155999999995,71648.76983392,2477.76431692,6229.11252453,null],[null,2016,219092.39036591,11171.957,4171.846,28706.856,62084.97699999999,29610.029000000002,74542.36367533,2974.0178653000003,5830.343733,null],[null,2017,224191.83841622,11358.649000000001,5347.649,24521.601000000002,65873.58,30408.977999999996,77894.06619223,3097.7907688600003,5689.523776499999,null],[null,2018,233560.16513195998,13443.823999999997,5130.237,24456.6,69761.19,31657.458,81770.84090524999,3116.97303553,4382.23727651,null],[null,2019,253585.34542082998,13408.038,4431.416,25867.854,81304.009,33537.043,87391.31203545,3100.19157654,4545.48121168,0.08573885138998727],[null,2020,259795.82521862,13832.470000000001,4756.233,21275.733,87554.899,34104.019,90638.95943243,2739.2840268299997,4894.225915,0.024490688874325928],[null,2021,286874.86391018005,16519.506,4231.374,27025.127999999997,101915.747,36618.459,95619.75309793,2291.48604378,2653.4120454500003,0.10423200091368989],[null,2022,328867.83445295,19081.481,4512.552000000001,36751.966,117975.64300000001,39845.175,104992.10446077,2372.5545630200004,3336.3592664099997,0.14638079464472664],[null,2023,376119.396315673,21892.055999999997,5327.434,42563.096000000005,133177.15999999997,38422.749,128647.45792339,2847.5717013599997,3241.8689608325,0.1436794873579621],[null,2024,450574.31803162757,31576.055,5802.872,43331.44,157870.278,48287.927,155770.58054681,3078.79526421,4856.366240097501,null],[null,2025,531789.601341382,32829.744999999995,7544.775,56202.159999999996,175898.78,66098.429,185425.74986759998,4501.55036494,3288.4121088419997,null],[null,null,255987.3,12490.5,4170.5,25675.8,86968.5,30868.4,88659.7,null,null,null],[null,null,1.077406189062434,1.628377166646651,0.8090816448867042,1.1889156326190418,1.0225573627232847,1.1412975405268817,1.0914321824639606,null,null,null],[null,null,0.7343401020877303,1.2827488510728742,0.22005629244824632,1.0366602645370668,0.8031004524372758,0.4159013634140891,0.7185830632018084,null,null,null],[null,"Charts and Analysis",null,null,null,null,null,null,null,null,null,null],[null,null,null,null,null,null,null,null,null,null,null,null],[null,null,null,null,null,null,null,null,null,null,null,null],[null,"Growth Rates during terms in office",null,null,"`",null,null,null,null,null,null,null],[null,"2015-2019",0.1822868210037245,0.14701699861028938,-0.09447456562460987,-0.14413717254451464,0.36108223301901354,0.21558785633021915,0.2197182483107638,0.2512051914581255,-0.2702842991228567,null],[null,"2020-2024",0.7343401020877303,1.2827488510728742,0.22005629244824632,1.0366602645370668,0.8031004524372758,0.4159013634140891,0.7185830632018084,0.1239415971672333,-0.007735579754597266,null],[null,"2024 YoY Growth",0.19795554934227666,0.44235219387343094,0.08924333928867068,0.01805188231607957,0.18541556224806133,0.2567535706515949,0.210832946575376,0.0812002601162134,0.4980143549202569,null],[null,null,null,null,null,null,null,null,null,null,null,null],[null,null,null,null,null,null,null,null,null,null,null,null],[null,null,null,null,null,null,null,null,null,null,null,null],[null,null,null,null,null,null,null,null,null,null,null,null],[null,null,null,null,null,null,null,null,null,null,null,null],[null,null,null,null,null,null,null,null,null,null,null,null],[null,null,null,null,null,null,null,null,null,null,null,null],[null,null,null,null,null,null,null,null,null,null,null,null]]}