{"sheetName":"Production","rowCount":73,"colCount":9,"cells":[["Click here to go back to first page",null,null,null,null,null,null,null,null],[null,"Historical Production Estimates",null,null,null,null,null,null,null],[null,null,null,null,null,null,null,null,null],[null,"Key Commodities",null,null,null,null,null,null,null],[null,null,"Sugar (MT)","Rice (MT)","Bauxite (MT)","Gold (Troy Oz.)","Diamonds (carats)","Timber (mᶟ)","Oil (000's bbls)"],[null,1970,null,144605,null,null,null,null,null],[null,1971,null,121989,null,null,null,null,null],[null,1972,null,95639,null,null,null,null,null],[null,1973,null,99034,null,null,null,null,null],[null,1974,null,165657,null,null,null,null,null],[null,1975,null,172259,null,null,null,null,null],[null,1976,194976,103754,null,null,null,null,null],[null,1977,241527,214972,null,null,null,null,null],[null,1978,324805,184985,null,null,null,null,null],[null,1979,298268,144328,1533000,null,null,null,null],[null,1980,269634,169107,1626000,null,null,null,null],[null,1981,300790,165604,1503000,null,null,null,null],[null,1982,287725,181603,1174000,2659,null,null,null],[null,1983,251870,147639,1091000,5384,null,null,null],[null,1984,241861,179785,1333000,11132,null,null,null],[null,1985,243000,156124,1573000,10329,null,null,null],[null,1986,245440,171044,1470000,14036,null,null,null],[null,1987,220995,145879,1359000,21425,null,null,null],[null,1988,167550,132281,1339000,18803,null,null,null],[null,1989,164800,142310,1322000,17290,null,null,null],[null,1990,129920,93444,1456000,38536,null,null,null],[null,1991,162245,150783,2204000,55296,null,null,null],[null,1992,246898,171000,2336000,79582,null,null,null],[null,1993,246522,201702,2110000,87101,null,null,null],[null,1994,256657,233111,2091000,99081,null,null,null],[null,1995,253837,315301,2036000,91451,null,null,null],[null,1996,280116,332542,2369000,110131,null,null,null],[null,1997,276392,340911,2491000,92146,null,null,null],[null,1998,253871,339890,2267368,110048,34384.73999999999,435817,null],[null,1999,321438,365469,2359272,110160,46667.79801,505659,null],[null,2000,273318,291967,2689451,104493,81706.17099999999,426037.7897868893,null],[null,2001,284474,322310,2011301,101849,179463.1,446798.49848821416,null],[null,2002,331052,288375,1639266,116617,248436.76,571236.589,null],[null,2003,302378,355019,1715705,103438,412537.83999999997,565546.6690000001,null],[null,2004,325317,325592,1478897,115086,454940,873253.74958,null],[null,2005,246071,273237,1694126,162527,356948,419092.13000000006,null],[null,2006,259549,307036,1478670,205970,340544,499291.00000000006,null],[null,2007,266482,298125,2242928,246002,268925,451822.79792886076,null],[null,2008,226267,329574,1918874,260387,168925.57,348305.5977289753,null],[null,2009,233736,359789,1484935,305178,143982.35,388446.31997758604,null],[null,2010,220818,361525,1082512,308438,49920,442261.4576596875,null],[null,2011,236505.58,402479,1818399.3900000001,363083,52273,421367.46731893544,null],[null,2012,218068.3,422058,2213972,438645,40763,406432.07651494996,null],[null,2013,186754.6,535555,1713242,481103,63960.5,437688.449929,null],[null,2014,216359.47,635238,1563563,387508,99950.34,530705.8912978481,null],[null,2015,231071.44,687784,1503191,451058.81,118450.78999999998,457993.12056888797,null],[null,2016,183615.49,534448.7,1442459.6,712707.29,139889.59,353495.238109848,null],[null,2017,137297.96,630104.265,1418517.8,653754.406,52161.060000000005,377111.06938667,null],[null,2018,104640.82,626907.425,1933637.5,616223,62110.70999999999,385653.13176737,null],[null,2019,92256.18,682418,1914911.88,634904.8189099999,54993.14,371369.08578634996,427.282],[null,2020,88868.36,687538.9053743199,608168,585433.3204904,24760.059999999998,344178.58582532604,27197.801],[null,2021,58025.109,558995.3083271325,618452,499054.235622987,45106.17999999999,383188.9003724419,42673.74757724],[null,2022,47048.705,611388.8166155508,705631,486415,83614.43999999999,433731.23129556,101409.43781045606],[null,2023,60203.51,653705.7014334619,523742.41000000003,432113.2212468552,67443.79,462542.44713524997,142805.19688458627],[null,2024,47103,725282.4895924681,1707011,434067.33167486964,55970.840000000004,481455.16310209996,225434.15112084575],[null,"2025p",59600.155,810299.1143492515,3908625,484320.63338527887,42453.810000000005,495225.558401848,261111.32211432385],[null,"Budget 2026",100041.49,827500,4839891.953003325,510450,30000,533591.940125,306538.69299999997],[null,null,null,null,null,null,null,null,null],[null,"Charts and Analysis",null,null,null,null,null,null,null],[null,null,null,null,null,null,null,null,null],[null,"Total Production during term in Office",null,null,null,null,null,null,null],[null,null,null,null,null,null,null,null,null],[null,null,"Sugar (MT)","Rice (MT)","Bauxite (MT)","Gold (Ounces)","Diamonds (carats)","Timber (mᶟ)","Oil (000's bbls)"],[null,"APNU/AFC",748881.8899999999,3161662.3899999997,8212717.78,3068648.32491,427605.29000000004,1945621.645619126,427.282],[null,"PPP/C",254145.684,2511628.731750465,2455993.41,2003015.7773602423,220924.46999999997,1623641.164628578,314086.18327228236],[null,null,null,null,null,null,null,null,null],[null,null,-494736.2059999999,-650033.6582495347,-5756724.37,-1065632.5475497576,-206680.82000000007,-321980.48099054815,313658.90127228235],[null,null,-0.6606331553831539,-0.20559869399892972,-0.7009524160222634,-0.3472644743613661,-0.48334486226772366,-0.16548977120784913,734.0793697658277]]}