{"sheetName":"Sector Expenditure","rowCount":42,"colCount":17,"cells":[["Click here to go back to first page",null,null,null,null,null,null,null,null,null,null,null,null,null,null,null,null],[null,"Total Government Expenditure by Sector - PSIP and Recurrent",null,null,null,null,null,null,null,null,null,null,null,null,null,null,null],[null,"G$ Millions",null,null,null,null,null,null,null,null,null,null,null,null,null,null,null],[null,null,null,null,null,null,null,null,null,null,null,null,null,null,null,null,null],[null,null,2014,2015,2016,2017,2018,2019,2020,2021,2022,2023,2024,"Budget 2025","2025p","Budget 2026",null],[null,null,null,null,null,null,null,null,null,null,null,null,null,null,null,null,null],[null,"Total Government Expenditure",212247.494,192068.882,221624.328,246820.05800000002,263791.709,291593.473,337034.202,404852.28099999996,615203.031,828640.253,1187557.802,1382150.496,1343873.7796819836,1557522.2490385864,null],[null,null,null,null,null,null,null,null,null,null,null,null,null,null,null,null,null],[null,"EXPENDITURE BY SECTOR",null,null,null,null,null,null,null,null,null,null,null,null,null,null,null],[null,null,null,null,null,null,null,null,null,null,null,null,null,null,null,null,null],[null,"Education",31443.731117,31793.938,38604.313725,41775.010953000005,43946.193048,52805.95195,51380.380578,62332.096225999994,72757.084554,104954.417543,141930.154678,175001.235071,183537.198912,183609.625081,null],[null,"Health",20997.949758,22070.103000000003,27651.862898000003,31235.546392,32956.929057,35803.308015999995,51318.218989999994,59932.494039,75235.722954,90204.536331,132989.592744,143189.413437,136594.13922800001,161110.406048,null],[null,"Agriculture Development",3982.2079999999996,3169.7350000000006,21119.838119,20519.750246,23962.797967,16581.267366,22879.769422000005,28584.803373000002,41863.937925000006,60426.688423,98728.88727100001,104645.38129300001,84929.4267,113215.735584,"2020-2025"],[null,"Housing",4272.833,1947.835,175.909,140,239.999999,654.0640000000001,4933.38687,18672.258413000003,28182.703715999996,52719.847927,78534.230186,112594.175,117340.381018,159091.185,295636.602112],[null,"Water",2927.4981430000003,1573.258,2502.819,3259.292,2829.5081659999996,3056.33,2749.985938,6097.5768530000005,9892.976185,16792.298965,22738.445431,23121.136,19699.025722,21646.118,null],[null,"Pubic Safety and Security",19423.872152000004,21053.334,24429.708,26583.039555,27666.555512,34712.806979,40557.473632999994,42783.363962,55605.407176,72605.118545,94936.231779,108749.006,94567.647984,100344.696,null],[null,"Infrastructure Sector ",null,null,null,39313.90813699999,34429.382653,37668.426871,33790.793974,43335.743020999995,121171.82821800001,174655.03816199998,238712.47728100003,258862.186811,244266.507822,233203.213301,null],[null,"Roads and Bridges",12828.575413,9065.405152,10837.723000000002,15387.926107000007,14660.860755999998,14402.119156999997,12849.843430999998,24896.785831,95711.660925,142794.301813,195298.57104699998,209292.946,195197.053907,196052.253646,null],[null,"Air Transport ",1588.016,210.71200000000002,10556.255,9743.254436000001,5894.451171,3481.6199380000003,4704.630542999999,5794.656453000001,2025.4759999999999,3099,4029.845518,11411.92,5049.792519,9049.086,null],[null,"River Transport ",742.948,637.689,1952.247,1667.983,1374.174174,1758.399,702.155,3395.705927,3999.75,8879.11486,9256.043182000001,9943.085000000001,10677.085,11246.312,null],[null,"Sea and River Defence ",1532.403,1303.172,1886.421,2222.999535,2998.466015,5227.903,5411.370932,4716.49463,5547.631843,5413.999,8185.131435000001,8154.55,12587.861822,11328.9,null],[null,"Power Generation ",7751.533999999999,3353.5409,3118.37,7166.802409,6356.161092,7877.092,20389.134154000003,7454.916758000001,35021.293,59344.890956,136095.208216,88019.272,123331.433695,119413.358875,null],[null,"ICT",889.385,2533.362885,665.3,1924.7359999999999,1986.4470880000001,2040,5122.383,454.42679499999997,3299.54,3735.809,9889.069731,16975,17089.786131,21350.048,null],[null,"Sanitation",2285.232,422.247,1285.916,1123.096073,557.63316,936.1679839999999,643.706795,1073.739466,1350.64532,1878.5949999999998,2573.051784,13242.962,13201.577214,7906,null],[null,"Justice ",1701.240323,52.58200000000001,3534.333,2585.6334,3222.5005899999996,570.748,3606.778958,4340.44287,4363.409235,5310.123439999999,6231.743971,8090.120551,7260.484567,9281.891423,null],[null,"Hinterland",null,null,2285.9030000000002,15287.848391,15385.108744000001,4041.8959999999997,12806.104254000002,5321.954773999998,20997.353114999998,32358.142303999997,35772.634275,43006.122852,49348.504262,46759.453665,null],[null,"Drainage and Irrigation",6028.472,5527.712783000001,null,5651.256315,7053.562362,9840.263953000001,9820.078001,13381.720029,19065.439571000003,35630.90414300001,44278.162846,73205.52900000001,46183.816185,81917.994,null],[null,"Environment",null,null,null,null,1531.411908,104.179,1078.134,3861.475,314.888,312.565,205.210644,2878.145,2878.145,549,null],[null,null,null,null,null,null,null,null,null,null,null,null,null,null,null,null,null],[null,null,null,null,null,null,null,null,null,null,null,null,null,null,null,null,null],[null,null,null,null,null,null,null,null,2020,2021,2022,2023,2024,null,null,null,null],[null,null,null,null,null,null,null,null,960372.246654888,1128459.6391221453,1325120.0275620825,1524596.5482050627,1793716.5574595719,2131398.372445732,null,null,null],[null,null,null,null,null,null,null,"Education",0.05350048458497745,0.05523644272691008,0.0549060334465372,0.06884078129821616,0.07912630013239921,0.08210630041449736,null,null,null],[null,null,null,null,null,null,null,"Health",0.05343575802898156,0.053110002308654,0.0567765344943254,0.059166168542884055,0.07414192180527798,0.06718097155751009,null,null,null],[null,null,null,null,null,null,null,"Infrastructure Sector ",0.03518510045630546,0.03840256356418017,0.09144215293532951,0.11455820122879379,0.133082607889335,0.12145180842657838,null,null,null],[null,null,null,null,null,null,null,"Water",0.0028634583595877417,0.005403451432027685,0.007465720824702054,0.011014257499644678,0.012676721601546847,0.01084787165970715,null,null,null],[null,null,null,null,null,null,null,null,null,null,null,null,null,null,null,null,null],[null,null,null,null,null,null,null,null,0.1449848014298522,0.15215246003177194,0.21059044170089417,0.2535794085695387,0.2990275514285591,0.281586952058293,null,null,null],[null,null,null,null,null,null,null,null,null,null,null,null,null,null,null,null,null],[null,null,null,null,null,null,null,null,null,null,null,null,null,null,null,null,null],[null,null,null,null,null,null,null,null,null,null,null,null,null,null,null,null,null],[null,null,null,null,null,null,null,null,null,null,null,8879.115,null,null,null,null,null]]}