{"sheetName":"Wage Bill","rowCount":18,"colCount":19,"cells":[["Click here to go back to first page",null,null,null,null,null,null,null,null,null,null,null,null,null,null,null,null,null,null],[null,"Public Sector Wage Bill",null,null,null,null,null,null,null,null,null,null,null,null,null,null,null,null,null],[null,"G$ Millions",null,null,null,null,null,null,null,null,null,null,null,null,null,null,null,null,null],[null,null,null,null,null,null,null,null,null,null,null,null,null,null,null,null,null,null,null],[null,null,2014,2015,2016,2017,2018,2019,2020,2021,2022,2023,2024,"Budget 2025","Actual 2025","Budget 2026",null,"Change in Wage Bill",null],[null,null,null,null,null,null,null,null,null,null,null,null,null,null,null,null,null,"2014-2019",0.5605148847487234],[null,"Total Public Sector Wage Bill",77674.237,87712.02999999998,94469.283,103343.4,111960.41500000001,121211.80300000001,126895.5,135249.09999999998,155310.09999999998,181547.1,210829.879303,246260.06280571996,252039.59768,176305.409723,null,"2020-2024",0.6614448841999914],[null,null,null,null,null,null,null,null,null,null,null,null,null,null,null,null,null,null,null],[null,"Central Government",42305.6,44661.7,49360.5,54444.2,59452,68550.9,71852.2,77811.9,87760.4,104938.3,122583.09479199999,145549.692596,146441.139343,176305.409723,null,"2014-2019",43537.56600000002],[null,"Public Enterprises",23531.9,26941.6,24113.9,23753,22093.2,18480.1,16136.5,16836.4,20352.5,23425.5,27120.628511000003,29425.49220972,32266.207337,null,null,"2020-2024",83934.379303],[null,"Statutory Bodies ",11836.737000000001,16108.729999999994,20994.883000000005,25146.2,30415.215000000007,34180.80300000001,38906.8,40600.8,47197.2,53183.3,61126.15600000001,71284.87799999997,73332.251,null,null,null,null],[null,null,null,null,null,null,null,null,null,null,null,null,null,null,null,null,null,null,null],[null,null,null,null,null,null,null,null,null,null,null,null,null,null,null,null,null,null,null],[null,null,null,null,null,null,null,null,null,null,null,null,"2020-2025:",119364.56280571996,null,null,null,null,null],[null,null,null,null,null,null,null,null,null,null,null,null,null,null,null,null,null,null,null],[null,null,null,null,null,null,null,null,null,null,null,null,null,null,null,null,null,null,null],[null,null,null,null,null,null,null,null,null,null,null,null,null,null,null,null,null,null,null],[null,null,null,null,null,null,null,null,null,null,null,null,null,0.8207889206340007,null,null,null,null,null]]}